ISO 8601 Date Time,Top of Conservation High (ac-ft),Top of Conservation High (ac-ft) notes,Top of Conservation (ac-ft),Top of Conservation (ac-ft) notes,Storage (ac-ft),Storage (ac-ft) notes,Elevation (ft-NGVD29),Elevation (ft-NGVD29) notes,Inflow (cfs),Inflow (cfs) notes,Outflow (cfs; 614 ft),Outflow (cfs; 614 ft) notes,Russian R @ Hopland (cfs; USGS),Russian R @ Hopland (cfs; USGS) notes,Precip @ Dam (in; 670 ft),Precip @ Dam (in; 670 ft) notes,Basin Precip,Basin Precip notes,Gross Pool,Gross Pool(elev),Russian R nr Ukiah (cfs),Russian R nr Ukiah (cfs) notes
2023-08-30T24:00:00-07:00,111000,0,86400,0,84192,0,746.75,0,80.54,0,189,0,169.24,0,0,0,-,-,-,-,0.02,0
2023-08-31T24:00:00-07:00,111000,0,86400,0,83966,0,746.62,0,92.3,0,189,0,168.95,0,0,0,-,-,116470,764.8,0.02,0
2023-09-01T24:00:00-07:00,111000,0,86400,0,83723,0,746.48,0,74.82,0,189,0,171.57,0,0,0,-,-,116470,764.8,0.02,0
2023-09-02T24:00:00-07:00,111000,0,86400,0,83480,0,746.34,0,76.72,0,189,0,172.65,0,0,0,-,-,116470,764.8,0.02,0
2023-09-03T24:00:00-07:00,111000,0,86400,0,83271,0,746.22,0,88.75,0,181.94,0,170.76,0,0,0,-,-,116470,764.8,0.02,0
2023-09-04T24:00:00-07:00,111000,0,86400,0,83063,0,746.1,0,86.57,0,177,0,162.27,0,0,0,-,-,116470,764.8,0.02,0
2023-09-05T24:00:00-07:00,111000,0,86400,0,82855,0,745.98,0,87.3,0,177,0,160.37,0,0.01,0,-,-,116470,764.8,0.02,0
2023-09-06T24:00:00-07:00,111000,0,86400,0,82699,0,745.89,0,110.8,0,174.56,0,154.76,0,0,0,-,-,116470,764.8,0.02,0
2023-09-07T24:00:00-07:00,111000,0,86400,0,82473,0,745.76,0,83.17,0,173,0,153.97,0,0,0,-,-,116470,764.8,0.02,0
2023-09-08T24:00:00-07:00,111000,0,86400,0,82265,0,745.64,0,83.26,0,173,0,154.91,0,0,0,-,-,116470,764.8,0.02,0
2023-09-09T24:00:00-07:00,111000,0,86400,0,82058,0,745.52,0,89.6,0,178.6,0,156.47,0,0,0,-,-,116470,764.8,0.02,0
2023-09-10T24:00:00-07:00,111000,0,86400,0,81867,0,745.41,0,112.05,0,185,0,162.69,0,0,0,-,-,116470,764.8,0.02,0
2023-09-11T24:00:00-07:00,111000,0,86400,0,81659,0,745.29,0,94.46,0,184.92,0,163.86,0,0,0,-,-,116470,764.8,0.02,0
2023-09-12T24:00:00-07:00,111000,0,86400,0,81452,0,745.17,0,97.58,0,187.9,0,165.88,0,0,0,-,-,116470,764.8,0.02,0
2023-09-13T24:00:00-07:00,111000,0,86400,0,81244,0,745.05,0,98.39,0,189,0,163.98,0,0,0,-,-,116470,764.8,0.02,0
2023-09-14T24:00:00-07:00,111000,0,86400,0,81054,0,744.94,0,107.94,0,189,0,166.43,0,0,0,-,-,116470,764.8,0.02,0
2023-09-15T24:00:00-07:00,111000,0,86400,0,80847,0,744.82,0,98.68,0,189,0,167.23,0,0,0,-,-,116470,764.8,0.02,0
2023-09-16T24:00:00-07:00,111000,0,86400,0,80622,0,744.69,0,87.98,0,189,0,166.85,0,0,0,-,-,116470,764.8,0.02,0
2023-09-17T24:00:00-07:00,111000,0,86400,0,80364,0,744.54,0,70.6,0,189,0,168.72,0,0,0,-,-,116470,764.8,0.02,0
2023-09-18T24:00:00-07:00,111000,0,86400,0,80105,0,744.39,0,79.46,0,189,0,167.97,0,0,0,-,-,116470,764.8,0.02,0
2023-09-19T24:00:00-07:00,111000,0,86400,0,79863,0,744.25,0,79.46,0,189,0,169.12,0,0,0,-,-,116470,764.8,0.02,0
2023-09-20T24:00:00-07:00,111000,0,86400,0,79588,0,744.09,0,62.52,0,189,0,170.82,0,0,0,-,-,116470,764.8,0.02,0
2023-09-21T24:00:00-07:00,111000,0,86400,0,79312,0,743.93,0,61.97,0,189,0,170.12,0,0,0,-,-,116470,764.8,0.02,0
2023-09-22T24:00:00-07:00,111000,0,86400,0,79054,0,743.78,0,79.01,0,189,0,171.47,0,0,0,-,-,116470,764.8,0.02,0
2023-09-23T24:00:00-07:00,111000,0,86400,0,78779,0,743.62,0,61.23,0,189,0,171.54,0,0,0,-,-,116470,764.8,0.02,0
2023-09-24T24:00:00-07:00,111000,0,86400,0,78521,0,743.47,0,68.17,0,189,0,172.32,0,0,0,-,-,116470,764.8,0.02,0
2023-09-25T24:00:00-07:00,111000,0,86400,0,78281,0,743.33,0,70.53,0,186.27,0,168.75,0,0.02,0,-,-,116470,764.8,0.02,0
2023-09-26T24:00:00-07:00,111000,0,86400,0,78024,0,743.18,0,57.17,0,177,0,166.37,0,0,0,-,-,116470,764.8,0.02,0
2023-09-27T24:00:00-07:00,111000,0,86400,0,77783,0,743.04,0,62.11,0,173.5,0,161.74,0,0,0,-,-,116470,764.8,0.02,0
2023-09-28T24:00:00-07:00,111000,0,86400,0,77543,0,742.9,0,65.09,0,169,0,158.81,0,0,0,-,-,116470,764.8,0.02,0
2023-09-29T24:00:00-07:00,111000,0,86400,0,77286,0,742.75,0,47.27,0,169,0,159.48,0,0,0,-,-,116470,764.8,0.02,0
2023-09-30T24:00:00-07:00,109668.75,0,86400,0,77064,0,742.62,0,65.9,0,169,0,160.4,0,0,0,-,-,116470,764.8,0.02,0
2023-10-01T24:00:00-07:00,108337.5,0,86400,0,76876,0,742.51,0,79.74,0,164.47,0,159.5,0,0,0,-,-,116470,764.8,0.02,0
2023-10-02T24:00:00-07:00,107006.25,0,86400,0,76619,0,742.36,0,43.4,0,162,0,155.16,0,0,0,-,-,116470,764.8,0.02,0
2023-10-03T24:00:00-07:00,105675,0,86400,0,76414,0,742.24,0,70.62,0,162.06,0,153.75,0,0.03,0,-,-,116470,764.8,0.02,0
2023-10-04T24:00:00-07:00,104343.75,0,86400,0,76209,0,742.12,0,68.66,0,159.19,0,146.88,0,0,0,-,-,116470,764.8,0.02,0
2023-10-05T24:00:00-07:00,103012.5,0,86400,0,75970,0,741.98,0,49.93,0,158,0,145.53,0,0,0,-,-,116470,764.8,0.02,0
2023-10-06T24:00:00-07:00,101681.25,0,86400,0,75799,0,741.88,0,82.34,0,156.41,0,145.1,0,0,0,-,-,116470,764.8,0.02,0
2023-10-07T24:00:00-07:00,100350,0,86400,0,75526,0,741.72,0,46.34,0,171.38,0,151.99,0,0,0,-,-,116470,764.8,0.02,0
2023-10-08T24:00:00-07:00,99018.75,0,86400,0,75254,0,741.56,0,50.92,0,175.94,0,158.12,0,0,0,-,-,116470,764.8,0.02,0
2023-10-09T24:00:00-07:00,97687.5,0,86400,0,74998,0,741.41,0,55.79,0,181,0,164.78,0,0.04,0,-,-,116470,764.8,0.02,0
2023-10-10T24:00:00-07:00,96356.25,0,86400,0,74743,0,741.26,0,61.84,0,181,0,167.43,0,0.16,0,-,-,116470,764.8,0.02,0
2023-10-11T24:00:00-07:00,95025,0,86400,0,74454,0,741.09,0,49.54,0,181,0,167.13,0,0.02,0,-,-,116470,764.8,0.02,0
2023-10-12T24:00:00-07:00,93693.75,0,86400,0,74182,0,740.93,0,58.1,0,184.88,0,167.86,0,0.01,0,-,-,116470,764.8,0.02,0
2023-10-13T24:00:00-07:00,92362.5,0,86400,0,73876,0,740.75,0,45.52,0,193.63,0,171.63,0,0,0,-,-,116470,764.8,0.02,0
2023-10-14T24:00:00-07:00,91031.25,0,86400,0,73553,0,740.56,0,41.69,0,197,0,175.04,0,0,0,-,-,116470,764.8,0.02,0
2023-10-15T24:00:00-07:00,89700,0,86400,0,73231,0,740.37,0,48.15,0,201.01,0,176.34,0,0,0,-,-,116470,764.8,0.04,0
2023-10-16T24:00:00-07:00,88368.75,0,86400,0,72893,0,740.17,0,39,0,205,0,182.79,0,0.01,0,-,-,116470,764.8,0.1,0
2023-10-17T24:00:00-07:00,87037.5,0,85200,0,72554,0,739.97,0,45.33,0,206.95,0,182.51,0,0.01,0,-,-,116470,764.8,0.18,0
2023-10-18T24:00:00-07:00,85706.25,0,84000,0,72284,0,739.81,0,83.98,0,210,0,181.79,0,0,0,-,-,116470,764.8,0.2,0
2023-10-19T24:00:00-07:00,84375,0,82800,0,71929,0,739.6,0,41.11,0,210.43,0,182.17,0,0,0,-,-,116470,764.8,0.21,0
2023-10-20T24:00:00-07:00,83043.75,0,81600,0,71608,0,739.41,0,67.3,0,218.77,0,187.58,0,0,0,-,-,116470,764.8,0.17,0
2023-10-21T24:00:00-07:00,81712.5,0,80400,0,71204,0,739.17,0,21.97,0,219,0,193.66,0,0,0,-,-,116470,764.8,0.11,0
2023-10-22T24:00:00-07:00,80381.25,0,79200,0,71069,0,739.09,0,153.11,0,219,0,204.52,0,1.02,0,-,-,116470,764.8,1.01,0
2023-10-23T24:00:00-07:00,79050,0,78000,0,70750,0,738.9,0,65.74,0,219,0,199.87,0,0.03,0,-,-,116470,764.8,1.79,0
2023-10-24T24:00:00-07:00,77718.75,0,76800,0,70397,0,738.69,0,48.09,0,217.48,0,197.95,0,0,0,-,-,116470,764.8,0.78,0
2023-10-25T24:00:00-07:00,76387.5,0,75600,0,70078,0,738.5,0,53.7,0,210,0,194.14,0,0.01,0,-,-,116470,764.8,0.54,0
2023-10-26T24:00:00-07:00,75056.25,0,74400,0,69727,0,738.29,0,40.56,0,205.1,0,192.03,0,0,0,-,-,116470,764.8,0.77,0
2023-10-27T24:00:00-07:00,73725,0,73200,0,69409,0,738.1,0,47.29,0,201,0,188.54,0,0.01,0,-,-,116470,764.8,0.92,0
2023-10-28T24:00:00-07:00,72393.75,0,72000,0,69091,0,737.91,0,47.86,0,201,0,188.87,0,0,0,-,-,116470,764.8,1.06,0
2023-10-29T24:00:00-07:00,71062.5,0,70800,0,68774,0,737.72,0,48.91,0,201,0,188.78,0,0,0,-,-,116470,764.8,1.18,0
2023-10-30T24:00:00-07:00,69731.25,0,69600,0,68458,0,737.53,0,49.1,0,201,0,188.85,0,0.01,0,-,-,116470,764.8,1.18,0
2023-10-31T24:00:00-07:00,68400,0,68410,0,68141,0,737.34,0,42.82,0,195.52,0,187.95,0,0,0,-,-,116470,764.8,1.18,0
2023-11-01T24:00:00-07:00,68400,0,68410,0,67842,0,737.16,0,46.84,0,190.4,0,182.92,0,0,0,-,-,116470,764.8,1.04,0
2023-11-02T24:00:00-07:00,68400,0,68410,0,67544,0,736.98,0,45.58,0,191.12,0,183.36,0,0,0,-,-,116470,764.8,1.19,0
2023-11-03T24:00:00-07:00,68400,0,68410,0,67262,0,736.81,0,55.91,0,191.08,0,183.18,0,0,0,-,-,116470,764.8,2.16,0
2023-11-04T24:00:00-07:00,68400,0,68410,0,66964,0,736.63,0,46.77,0,191.15,0,182.42,0,0.01,0,-,-,116470,764.8,2.18,0
2023-11-05T24:00:00-08:00,68400,0,68410,0,66683,0,736.46,0,59.28,0,191.09,0,185.2,0,0,0,-,-,116470,764.8,2.23,0
2023-11-06T24:00:00-08:00,68400,0,68410,0,66435,0,736.31,0,71.99,0,188.94,0,186.67,0,0.29,0,-,-,116470,764.8,3.32,0
2023-11-07T24:00:00-08:00,68400,0,68410,0,66138,0,736.13,0,44.17,0,181.19,0,179.51,0,0.02,0,-,-,116470,764.8,3.97,0
2023-11-08T24:00:00-08:00,68400,0,68410,0,65858,0,735.96,0,43.55,0,179.06,0,175.65,0,0.01,0,-,-,116470,764.8,4.05,0
2023-11-09T24:00:00-08:00,68400,0,68410,0,65562,0,735.78,0,34.64,0,179.06,0,175.07,0,0,0,-,-,116470,764.8,4.02,0
2023-11-10T24:00:00-08:00,68400,0,68410,0,65299,0,735.62,0,51.91,0,180.35,0,176.01,0,0,0,-,-,116470,764.8,4.1,0
2023-11-11T24:00:00-08:00,68400,0,68410,0,65021,0,735.45,0,47.13,0,182.07,0,177.89,0,0.01,0,-,-,116470,764.8,4.09,0
2023-11-12T24:00:00-08:00,68400,0,68410,0,64758,0,735.29,0,53.56,0,180.97,0,177.92,0,0,0,-,-,116470,764.8,3.85,0
2023-11-13T24:00:00-08:00,68400,0,68410,0,64497,0,735.13,0,47.37,0,173.92,0,175.41,0,0,0,-,-,116470,764.8,4.04,0
2023-11-14T24:00:00-08:00,68400,0,68410,0,64284,0,735,0,62.39,0,168.14,0,171.37,0,0.28,0,-,-,116470,764.8,5.6,0
2023-11-15T24:00:00-08:00,68400,0,68410,0,64039,0,734.85,0,49.78,0,168.06,0,170.69,0,0.04,0,-,-,116470,764.8,8,0
2023-11-16T24:00:00-08:00,68400,0,68410,0,63779,0,734.69,0,40.81,0,168.02,0,170.16,0,0,0,-,-,116470,764.8,6.18,0
2023-11-17T24:00:00-08:00,68400,0,68410,0,63534,0,734.54,0,49.4,0,168.01,0,170.93,0,0.33,0,-,-,116470,764.8,5.96,0
2023-11-18T24:00:00-08:00,68400,0,68410,0,63502,0,734.52,0,153.61,0,168.06,0,197.59,0,1.49,0,-,-,116470,764.8,20.93,0
2023-11-19T24:00:00-08:00,68400,0,68410,0,63258,0,734.37,0,48.93,0,168.02,0,188.02,0,0.01,0,-,-,116470,764.8,16.28,0
2023-11-20T24:00:00-08:00,68400,0,68410,0,63030,0,734.23,0,59.2,0,169.42,0,183.03,0,0.01,0,-,-,116470,764.8,7.17,0
2023-11-21T24:00:00-08:00,68400,0,68410,0,62738,0,734.05,0,29.03,0,172.06,0,185.82,0,0,0,-,-,116470,764.8,3.17,0
2023-11-22T24:00:00-08:00,68400,0,68410,0,62495,0,733.9,0,52.48,0,172.04,0,185.17,0,0.01,0,-,-,116470,764.8,2.43,0
2023-11-23T24:00:00-08:00,68400,0,68410,0,62204,0,733.72,0,30.15,0,172.01,0,184.72,0,0.01,0,-,-,116470,764.8,2.36,0
2023-11-24T24:00:00-08:00,68400,0,68410,0,61945,0,733.56,0,45.9,0,171.96,0,183.38,0,0,0,-,-,116470,764.8,2.1,0
2023-11-25T24:00:00-08:00,68400,0,68410,0,61687,0,733.4,0,45.96,0,171.99,0,183.44,0,0.01,0,-,-,116470,764.8,2,0
2023-11-26T24:00:00-08:00,68400,0,68410,0,61397,0,733.22,0,29.84,0,171.97,0,183.34,0,0,0,-,-,116470,764.8,1.95,0
2023-11-27T24:00:00-08:00,68400,0,68410,0,61124,0,733.05,0,38.57,0,171.96,0,183.35,0,0,0,-,-,116470,764.8,1.95,0
2023-11-28T24:00:00-08:00,68400,0,68410,0,60866,0,732.89,0,34.51,0,160.59,0,182.54,0,0,0,-,-,116470,764.8,1.94,0
2023-11-29T24:00:00-08:00,68400,0,68410,0,60610,0,732.73,0,39.23,0,165.02,0,179.06,0,0.01,0,-,-,116470,764.8,1.95,0
2023-11-30T24:00:00-08:00,68400,0,68410,0,60353,0,732.57,0,38.3,0,165,0,179.54,0,0.01,0,-,-,116470,764.8,1.94,0
2023-12-01T24:00:00-08:00,68400,0,68410,0,60129,0,732.43,0,53.41,0,165.01,0,179.18,0,0.15,0,-,-,116470,764.8,1.99,0
2023-12-02T24:00:00-08:00,68400,0,68410,0,59938,0,732.31,0,70.05,0,164.98,0,180.04,0,0.5,0,-,-,116470,764.8,3.52,0
2023-12-03T24:00:00-08:00,68400,0,68410,0,59730,0,732.18,0,62.02,0,165,0,185.85,0,0.08,0,-,-,116470,764.8,23.4,0
2023-12-04T24:00:00-08:00,68400,0,68410,0,59491,0,732.03,0,40.5,0,157.58,0,194.38,0,0.01,0,-,-,116470,764.8,27.3,0
2023-12-05T24:00:00-08:00,68400,0,68410,0,59284,0,731.9,0,52.21,0,153.93,0,182.65,0,0,0,-,-,116470,764.8,10.24,0
2023-12-06T24:00:00-08:00,68400,0,68410,0,59093,0,731.78,0,60.05,0,153.98,0,184.47,0,0.38,0,-,-,116470,764.8,7.89,0
2023-12-07T24:00:00-08:00,68400,0,68410,0,58919,0,731.67,0,67.96,0,153.92,0,196.02,0,0.15,0,-,-,116470,764.8,40.99,0
2023-12-08T24:00:00-08:00,68400,0,68410,0,58713,0,731.54,0,42.17,0,143.5,0,214.73,0,0.02,0,-,-,116470,764.8,52.92,0
2023-12-09T24:00:00-08:00,68400,0,68410,0,58507,0,731.41,0,37.59,0,138.54,0,188.4,0,0.01,0,-,-,116470,764.8,28.63,0
2023-12-10T24:00:00-08:00,68400,0,68410,0,58301,0,731.28,0,42.66,0,144,0,181.19,0,0,0,-,-,116470,764.8,15.03,0
2023-12-11T24:00:00-08:00,68400,0,68410,0,58064,0,731.13,0,34.73,0,151.09,0,179.56,0,0,0,-,-,116470,764.8,9.55,0
2023-12-12T24:00:00-08:00,68400,0,68410,0,57843,0,730.99,0,45.32,0,154,0,181.67,0,0.01,0,-,-,116470,764.8,6.87,0
2023-12-13T24:00:00-08:00,68400,0,68410,0,57607,0,730.84,0,40.73,0,153.96,0,179.84,0,0.01,0,-,-,116470,764.8,5.41,0
2023-12-14T24:00:00-08:00,68400,0,68410,0,57371,0,730.69,0,40.92,0,154.02,0,179.28,0,0.01,0,-,-,116470,764.8,4.5,0
2023-12-15T24:00:00-08:00,68400,0,68410,0,57135,0,730.54,0,38.03,0,154.02,0,179.07,0,0,0,-,-,116470,764.8,5.42,0
2023-12-16T24:00:00-08:00,68400,0,68410,0,56915,0,730.4,0,47.43,0,153.96,0,178.61,0,0,0,-,-,116470,764.8,5.94,0
2023-12-17T24:00:00-08:00,68400,0,68410,0,56727,0,730.28,0,59.88,0,153.93,0,180.08,0,0.39,0,-,-,116470,764.8,6.96,0
2023-12-18T24:00:00-08:00,68400,0,68410,0,57151,0,730.55,0,353.56,0,138.68,0,640.29,0,2.31,0,-,-,116470,764.8,478.22,0
2023-12-19T24:00:00-08:00,68400,0,68410,0,57985,0,731.08,0,501.75,0,79.44,0,1848.11,0,1.16,0,-,-,116470,764.8,825.47,0
2023-12-20T24:00:00-08:00,68400,0,68410,0,59651,0,732.13,0,885.15,0,43.12,0,2752.58,0,0.69,0,-,-,116470,764.8,1313.45,0
2023-12-21T24:00:00-08:00,68400,0,68410,0,59938,0,732.31,0,177.98,0,30.3,0,649.13,0,0.01,0,-,-,116470,764.8,297.18,0
2023-12-22T24:00:00-08:00,68400,0,68410,0,60018,0,732.36,0,103.73,0,60.22,0,326.31,0,0,0,-,-,116470,764.8,141.78,0
2023-12-23T24:00:00-08:00,68400,0,68410,0,60034,0,732.37,0,89.12,0,78.3,0,256.68,0,0.01,0,-,-,116470,764.8,90.68,0
2023-12-24T24:00:00-08:00,68400,0,68410,0,59970,0,732.33,0,76.94,0,107,0,233.59,0,0,0,-,-,116470,764.8,67.95,0
2023-12-25T24:00:00-08:00,68400,0,68410,0,59842,0,732.25,0,68.44,0,131.01,0,226.73,0,0,0,-,-,116470,764.8,55.48,0
2023-12-26T24:00:00-08:00,68400,0,68410,0,59651,0,732.13,0,52.25,0,146.33,0,228.21,0,0,0,-,-,116470,764.8,48.02,0
2023-12-27T24:00:00-08:00,68400,0,68410,0,59619,0,732.11,0,127.62,0,142.48,0,239.32,0,0.56,0,-,-,116470,764.8,63.98,0
2023-12-28T24:00:00-08:00,68400,0,68410,0,59619,0,732.11,0,128.43,0,126.72,0,314.06,0,0.05,0,-,-,116470,764.8,128.23,0
2023-12-29T24:00:00-08:00,68400,0,68410,0,60449,0,732.63,0,538.83,0,119.05,0,651.58,0,0.81,0,-,-,116470,764.8,567.9,0
2023-12-30T24:00:00-08:00,68400,0,68410,0,61462,0,733.26,0,606.6,0,93.38,0,1860.84,0,0.38,0,-,-,116470,764.8,821.82,0
2023-12-31T24:00:00-08:00,68400,0,68410,0,61736,0,733.43,0,213.25,0,73.58,0,783.01,0,0,0,-,-,116470,764.8,354.23,0
2024-01-01T24:00:00-08:00,68400,0,68410,0,61865,0,733.51,0,141.29,0,73.73,0,441.76,0,0,0,-,-,116470,764.8,198.09,0
2024-01-02T24:00:00-08:00,68400,0,68410,0,62285,0,733.77,0,274.38,0,61.91,0,347.99,0,0.66,0,-,-,116470,764.8,202.74,0
2024-01-03T24:00:00-08:00,68400,0,68410,0,63144,0,734.3,0,478.05,0,43,0,827.9,0,0.27,0,-,-,116470,764.8,596.45,0
2024-01-04T24:00:00-08:00,68400,0,68410,0,63469,0,734.5,0,199.72,0,33.44,0,534.25,0,0.01,0,-,-,116470,764.8,305.39,0
2024-01-05T24:00:00-08:00,68400,0,68410,0,63681,0,734.63,0,142.87,0,33.37,0,367.54,0,0.01,0,-,-,116470,764.8,196.45,0
2024-01-06T24:00:00-08:00,68400,0,68410,0,63990,0,734.82,0,190.93,0,33.37,0,348.39,0,0.43,0,-,-,116470,764.8,204.17,0
2024-01-07T24:00:00-08:00,68400,0,68410,0,64203,0,734.95,0,144.67,0,34.53,0,374.82,0,0.01,0,-,-,116470,764.8,195.38,0
2024-01-08T24:00:00-08:00,68400,0,68410,0,64366,0,735.05,0,117.9,0,34.21,0,285.85,0,0,0,-,-,116470,764.8,139.64,0
2024-01-09T24:00:00-08:00,68400,0,68410,0,64660,0,735.23,0,183.98,0,33.4,0,318.52,0,0.45,0,-,-,116470,764.8,226.29,0
2024-01-10T24:00:00-08:00,68400,0,68410,0,65267,0,735.6,0,342.76,0,34.85,0,555.75,0,0.41,0,-,-,116470,764.8,650.39,0
2024-01-11T24:00:00-08:00,68400,0,68410,0,65809,0,735.93,0,310.48,0,34.74,0,1116.03,0,0.01,0,-,-,116470,764.8,632.03,0
2024-01-12T24:00:00-08:00,68400,0,68410,0,66089,0,736.1,0,177.76,0,34.76,0,533.37,0,0.01,0,-,-,116470,764.8,315.71,0
2024-01-13T24:00:00-08:00,68400,0,68410,0,69944,0,738.42,0,1979.23,0,34.81,0,2021.13,0,2.11,0,-,-,116470,764.8,2722.4,0
2024-01-14T24:00:00-08:00,68400,0,68410,0,71844,0,739.55,0,993.93,0,33.62,0,4730.89,0,0.03,0,-,-,116470,764.8,1747.75,0
2024-01-15T24:00:00-08:00,68400,0,68410,0,72368,0,739.86,0,351.57,0,84.29,0,1198.05,0,0,0,-,-,116470,764.8,605.3,0
2024-01-16T24:00:00-08:00,68400,0,68410,0,73028,0,740.25,0,457.45,0,123.75,0,878.92,0,0.82,0,-,-,116470,764.8,646.3,0
2024-01-17T24:00:00-08:00,68400,0,68410,0,73079,0,740.28,0,486.81,0,459.29,0,1697,0,0.06,0,-,-,116470,764.8,849.73,0
2024-01-18T24:00:00-08:00,68400,0,68410,0,71389,0,739.28,0,43.54,0,892.94,0,1618.95,0,0.02,0,-,-,116470,764.8,493.43,0
2024-01-19T24:00:00-08:00,68400,0,68410,0,70750,0,738.9,0,174.37,0,494.58,0,1372.51,0,0.46,0,-,-,116470,764.8,392.4,0
2024-01-20T24:00:00-08:00,68400,0,68410,0,72233,0,739.78,0,901.3,0,151.95,0,1666.92,0,0.42,0,-,-,116470,764.8,823.3,0
2024-01-21T24:00:00-08:00,68400,0,68410,0,73723,0,740.66,0,904.5,0,152.02,0,1779.79,0,0.76,0,-,-,116470,764.8,983.45,0
2024-01-22T24:00:00-08:00,68400,0,68410,0,75390,0,741.64,0,995.21,0,152.05,0,3051.11,0,0.09,0,-,-,116470,764.8,1179.73,0
2024-01-23T24:00:00-08:00,68400,0,68410,0,76055,0,742.03,0,493.49,0,151.99,0,1533.84,0,0.28,0,-,-,116470,764.8,645.63,0
2024-01-24T24:00:00-08:00,68400,0,68410,0,77423,0,742.83,0,847.37,0,152.11,0,1759.21,0,0.58,0,-,-,116470,764.8,905.29,0
2024-01-25T24:00:00-08:00,68400,0,68410,0,78109,0,743.23,0,499.11,0,150.01,0,1442.16,0,0.02,0,-,-,116470,764.8,658.6,0
2024-01-26T24:00:00-08:00,68400,0,68410,0,78332,0,743.36,0,348.9,0,234.82,0,1082.11,0,0,0,-,-,116470,764.8,475.2,0
2024-01-27T24:00:00-08:00,68400,0,68410,0,78298,0,743.34,0,286.95,0,301.18,0,930.17,0,0.01,0,-,-,116470,764.8,370.09,0
2024-01-28T24:00:00-08:00,68400,0,68410,0,78006,0,743.17,0,263.9,0,406.48,0,824.16,0,0.01,0,-,-,116470,764.8,305.88,0
2024-01-29T24:00:00-08:00,68400,0,68410,0,76414,0,742.24,0,79.15,0,877.21,0,1042.04,0,0,0,-,-,116470,764.8,256.78,0
2024-01-30T24:00:00-08:00,68400,0,68410,0,74454,0,741.09,0,-32.72,0,950,0,1577.02,0,0,0,-,-,116470,764.8,221.84,0
2024-01-31T24:00:00-08:00,68400,0,68410,0,77218,0,742.71,0,1546.52,0,151.71,0,1945.89,0,2.18,0,-,-,116470,764.8,1633.65,0
2024-02-01T24:00:00-08:00,68400,0,68410,0,79829,0,744.23,0,1467.9,0,149.76,0,5910.53,0,0.35,0,-,-,116470,764.8,1813.06,0
2024-02-02T24:00:00-08:00,68400,0,68410,0,80536,0,744.64,0,790.3,0,431.76,0,2746.37,0,0.27,0,-,-,116470,764.8,1090.24,0
2024-02-03T24:00:00-08:00,68400,0,68410,0,80519,0,744.63,0,567.84,0,573.67,0,2390.26,0,0.02,0,-,-,116470,764.8,810.06,0
2024-02-04T24:00:00-08:00,68400,0,68410,0,86074,0,747.83,0,2950.22,0,147.57,0,4409.58,0,1.58,0,-,-,116470,764.8,1953.29,0
2024-02-05T24:00:00-08:00,68400,0,68410,0,89224,0,749.63,0,1729.45,0,139.06,0,7682.32,0,0.43,0,-,-,116470,764.8,2015.29,0
2024-02-06T24:00:00-08:00,68400,0,68410,0,88645,0,749.3,0,657.59,0,946.23,0,3237.53,0,0.01,0,-,-,116470,764.8,848.52,0
2024-02-07T24:00:00-08:00,68400,0,68410,0,86405,0,748.02,0,353.3,0,1480.83,0,3210.89,0,0.25,0,-,-,116470,764.8,636.74,0
2024-02-08T24:00:00-08:00,68400,0,68410,0,83983,0,746.63,0,315.13,0,1532.82,0,2777.74,0,0,0,-,-,116470,764.8,503.9,0
2024-02-09T24:00:00-08:00,68400,0,68410,0,82577,0,745.82,0,433.17,0,1138.59,0,2093.74,0,0,0,-,-,116470,764.8,388.33,0
2024-02-10T24:00:00-08:00,68400,0,68410,0,81902,0,745.43,0,454.52,0,790.69,0,1353.47,0,0.01,0,-,-,116470,764.8,318.7,0
2024-02-11T24:00:00-08:00,68400,0,68410,0,81175,0,745.01,0,428.14,0,790.62,0,1202.42,0,0,0,-,-,116470,764.8,270.3,0
2024-02-12T24:00:00-08:00,68400,0,68410,0,79950,0,744.3,0,337.71,0,951.86,0,1165.84,0,0,0,-,-,116470,764.8,238.76,0
2024-02-13T24:00:00-08:00,68400,0,68410,0,77938,0,743.13,0,209.35,0,1220.24,0,1501.53,0,0,0,-,-,116470,764.8,215.26,0
2024-02-14T24:00:00-08:00,68400,0,68410,0,76602,0,742.35,0,389.09,0,1061.21,0,1734.53,0,0.56,0,-,-,116470,764.8,240.46,0
2024-02-15T24:00:00-08:00,68400,0,68410,0,76363,0,742.21,0,677.71,0,795.6,0,1608.58,0,0.06,0,-,-,116470,764.8,490.26,0
2024-02-16T24:00:00-08:00,68400,0,68410,0,75816,0,741.89,0,443.05,0,715.99,0,1387.42,0,0,0,-,-,116470,764.8,332.59,0
2024-02-17T24:00:00-08:00,68400,0,68410,0,77406,0,742.82,0,953.45,0,150.91,0,1404.08,0,0.92,0,-,-,116470,764.8,815.75,0
2024-02-18T24:00:00-08:00,68400,0,68410,0,80139,0,744.41,0,1530.85,0,150.39,0,3284.21,0,1.16,0,-,-,116470,764.8,1466.22,0
2024-02-19T24:00:00-08:00,68400,0,68410,0,84192,0,746.75,0,2196.9,0,150.46,0,5578.32,0,0.94,0,-,-,116470,764.8,2094.05,0
2024-02-20T24:00:00-08:00,68400,0,68410,0,87087,0,748.41,0,1607.62,0,146.42,0,4874.05,0,0.36,0,-,-,116470,764.8,1817.41,0
2024-02-21T24:00:00-08:00,68400,0,68410,0,88207,0,749.05,0,1081.51,0,514.11,0,3540.89,0,0.19,0,-,-,116470,764.8,1057.81,0
2024-02-22T24:00:00-08:00,68400,0,68410,0,88330,0,749.12,0,814.43,0,748.3,0,2900.58,0,0.01,0,-,-,116470,764.8,691.15,0
2024-02-23T24:00:00-08:00,68400,0,68410,0,88172,0,749.03,0,675.33,0,750.61,0,2245.89,0,0.01,0,-,-,116470,764.8,484.64,0
2024-02-24T24:00:00-08:00,68400,0,68410,0,87752,0,748.79,0,543.96,0,749.42,0,1865.95,0,0.01,0,-,-,116470,764.8,373.01,0
2024-02-25T24:00:00-08:00,68400,0,68410,0,87262,0,748.51,0,503.9,0,745.14,0,1631,0,0,0,-,-,116470,764.8,296.13,0
2024-02-26T24:00:00-08:00,68400,0,68410,0,86318,0,747.97,0,412.35,0,884.77,0,1558.32,0,0,0,-,-,116470,764.8,241.34,0
2024-02-27T24:00:00-08:00,68400,0,68410,0,85027,0,747.23,0,356.95,0,1002.4,0,1619.05,0,0,0,-,-,116470,764.8,199.66,0
2024-02-28T24:00:00-08:00,68400,0,68410,0,82994,0,746.06,0,229.68,0,1248.83,0,1716.32,0,0,0,-,-,116470,764.8,169.79,0
2024-02-29T24:00:00-08:00,68400,0,68410,0,82161,0,745.58,0,276.69,0,694.22,0,1681.53,0,0.26,0,-,-,116470,764.8,206.03,0
2024-03-01T24:00:00-08:00,69000,0,69000,0,84557,0,746.96,0,1359.79,0,150.55,0,1747.79,0,1.07,0,-,-,116470,764.8,804.95,0
2024-03-02T24:00:00-08:00,69600,0,69600,0,87262,0,748.51,0,1512.62,0,147.23,0,3802.42,0,0.47,0,-,-,116470,764.8,1401.03,0
2024-03-03T24:00:00-08:00,70200,0,70200,0,88260,0,749.08,0,1195.65,0,689.58,0,3278.89,0,0.4,0,-,-,116470,764.8,977.59,0
2024-03-04T24:00:00-08:00,70800,0,70800,0,88768,0,749.37,0,963.54,0,705.45,0,3043.95,0,0.16,0,-,-,116470,764.8,745.57,0
2024-03-05T24:00:00-08:00,71400,0,71400,0,89961,0,750.05,0,1144.9,0,540.8,0,2811.84,0,0.54,0,-,-,116470,764.8,997.08,0
2024-03-06T24:00:00-08:00,72000,0,72000,0,92038,0,751.23,0,1468.49,0,417.75,0,4030.05,0,0.37,0,-,-,116470,764.8,1731.19,0
2024-03-07T24:00:00-08:00,72600,0,72600,0,92197,0,751.32,0,851.72,0,765.54,0,2997.26,0,0.01,0,-,-,116470,764.8,818.98,0
2024-03-08T24:00:00-08:00,73200,0,73200,0,90454,0,750.33,0,676.16,0,1548.39,0,2810.05,0,0,0,-,-,116470,764.8,518.31,0
2024-03-09T24:00:00-08:00,73800,0,73800,0,87804,0,748.82,0,654.28,0,1986.04,0,3065.74,0,0.1,0,-,-,116470,764.8,400.29,0
2024-03-10T24:00:00-07:00,74400,0,74400,0,87105,0,748.42,0,623.11,0,988.11,0,2455.75,0,0.67,0,-,-,116470,764.8,400.06,0
2024-03-11T24:00:00-07:00,75000,0,75000,0,88085,0,748.98,0,646.76,0,149.83,0,1973.05,0,0.25,0,-,-,116470,764.8,574.26,0
2024-03-12T24:00:00-07:00,75600,0,75600,0,89487,0,749.78,0,737.15,0,25.63,0,1627.84,0,0.19,0,-,-,116470,764.8,632.51,0
2024-03-13T24:00:00-07:00,76200,0,76200,0,90401,0,750.3,0,493.04,0,25.73,0,1307.37,0,0,0,-,-,116470,764.8,433.98,0
2024-03-14T24:00:00-07:00,76800,0,76800,0,91087,0,750.69,0,379.94,0,25.8,0,1072.19,0,0.01,0,-,-,116470,764.8,345.9,0
2024-03-15T24:00:00-07:00,77400,0,77400,0,91668,0,751.02,0,328.4,0,25.79,0,912.11,0,0,0,-,-,116470,764.8,283.23,0
2024-03-16T24:00:00-07:00,78000,0,78000,0,92179,0,751.31,0,291.67,0,25.9,0,775.29,0,0.01,0,-,-,116470,764.8,232.38,0
2024-03-17T24:00:00-07:00,78600,0,78600,0,92620,0,751.56,0,256.5,0,25.99,0,661.32,0,0,0,-,-,116470,764.8,192.69,0
2024-03-18T24:00:00-07:00,79200,0,79200,0,93008,0,751.78,0,233.57,0,25.94,0,589.12,0,0,0,-,-,116470,764.8,164.66,0
2024-03-19T24:00:00-07:00,79800,0,79800,0,93202,0,751.89,0,215.15,0,104.71,0,566.79,0,0,0,-,-,116470,764.8,143.94,0
2024-03-20T24:00:00-07:00,80400,0,80400,0,93220,0,751.9,0,199.19,0,183.27,0,605.76,0,0.01,0,-,-,116470,764.8,129.66,0
2024-03-21T24:00:00-07:00,81000,0,81000,0,93149,0,751.86,0,238.79,0,267.08,0,612.39,0,0,0,-,-,116470,764.8,133.79,0
2024-03-22T24:00:00-07:00,81600,0,81600,0,93114,0,751.84,0,290.31,0,305.68,0,648.48,0,0.33,0,-,-,116470,764.8,154.46,0
2024-03-23T24:00:00-07:00,82200,0,82200,0,93432,0,752.02,0,469.23,0,305.56,0,853.31,0,0.47,0,-,-,116470,764.8,283.87,0
2024-03-24T24:00:00-07:00,82800,0,82800,0,93750,0,752.2,0,525.81,0,360,0,1390.37,0,0.1,0,-,-,116470,764.8,497.3,0
2024-03-25T24:00:00-07:00,83400,0,83400,0,93697,0,752.17,0,428.33,0,447.72,0,1055.05,0,0,0,-,-,116470,764.8,299.36,0
2024-03-26T24:00:00-07:00,84000,0,84000,0,93556,0,752.09,0,370.68,0,434.15,0,889.09,0,0,0,-,-,116470,764.8,235.26,0
2024-03-27T24:00:00-07:00,84600,0,84600,0,93821,0,752.24,0,418.69,0,282.95,0,814.53,0,0.51,0,-,-,116470,764.8,338.17,0
2024-03-28T24:00:00-07:00,85200,0,85200,0,94581,0,752.67,0,535.34,0,146.41,0,1423.47,0,0.23,0,-,-,116470,764.8,520.58,0
2024-03-29T24:00:00-07:00,85800,0,85800,0,95166,0,753,0,448.04,0,150.79,0,1192.37,0,0.18,0,-,-,116470,764.8,400.33,0
2024-03-30T24:00:00-07:00,86400,0,86400,0,95822,0,753.37,0,443.97,0,106.87,0,1532.79,0,0.06,0,-,-,116470,764.8,404.26,0
2024-03-31T24:00:00-07:00,87015,0,86400,0,96336,0,753.66,0,341.19,0,74.06,0,1092.08,0,0,0,-,-,116470,764.8,309.21,0
2024-04-01T24:00:00-07:00,87630,0,86400,0,96709,0,753.87,0,271.71,0,73.91,0,860.92,0,0,0,-,-,116470,764.8,251.94,0
2024-04-02T24:00:00-07:00,88245,0,86400,0,97011,0,754.04,0,236.3,0,74.1,0,716.37,0,0,0,-,-,116470,764.8,211.97,0
2024-04-03T24:00:00-07:00,88860,0,86400,0,97313,0,754.21,0,231.87,0,72.74,0,626.79,0,0,0,-,-,116470,764.8,187.14,0
2024-04-04T24:00:00-07:00,89475,0,86400,0,97704,0,754.43,0,274.61,0,74.15,0,615.99,0,0.59,0,-,-,116470,764.8,195,0
2024-04-05T24:00:00-07:00,90090,0,86400,0,98113,0,754.66,0,285.21,0,72.56,0,687.4,0,0.01,0,-,-,116470,764.8,247.8,0
2024-04-06T24:00:00-07:00,90705,0,86400,0,98345,0,754.79,0,198.4,0,74.28,0,562.17,0,0.01,0,-,-,116470,764.8,185.39,0
2024-04-07T24:00:00-07:00,91320,0,86400,0,98576,0,754.92,0,197.29,0,74.29,0,502.48,0,0.02,0,-,-,116470,764.8,164.41,0
2024-04-08T24:00:00-07:00,91935,0,86400,0,98808,0,755.05,0,200.06,0,74.26,0,466.43,0,0,0,-,-,116470,764.8,146.69,0
2024-04-09T24:00:00-07:00,92550,0,86400,0,99004,0,755.16,0,187.59,0,78.66,0,433.1,0,0,0,-,-,116470,764.8,132.09,0
2024-04-10T24:00:00-07:00,93165,0,86400,0,99164,0,755.25,0,182.83,0,91.54,0,420.21,0,0,0,-,-,116470,764.8,118.5,0
2024-04-11T24:00:00-07:00,93780,0,86400,0,99254,0,755.3,0,166.03,0,109.89,0,407.37,0,0,0,-,-,116470,764.8,107.92,0
2024-04-12T24:00:00-07:00,94395,0,86400,0,99289,0,755.32,0,152.72,0,128.83,0,409.53,0,0,0,-,-,116470,764.8,100.55,0
2024-04-13T24:00:00-07:00,95010,0,86400,0,99485,0,755.43,0,227.34,0,125.25,0,449.13,0,0.36,0,-,-,116470,764.8,127.18,0
2024-04-14T24:00:00-07:00,95625,0,86400,0,99699,0,755.55,0,240.54,0,128.86,0,442.22,0,0.25,0,-,-,116470,764.8,124.46,0
2024-04-15T24:00:00-07:00,96240,0,86400,0,99824,0,755.62,0,201.29,0,128.87,0,423.89,0,0.01,0,-,-,116470,764.8,113.45,0
2024-04-16T24:00:00-07:00,-,5,-,5,100003,0,755.72,0,229.32,0,128.97,0,394.97,0,0,0,-,-,116470,764.8,99.15,0
2024-04-17T24:00:00-07:00,97470,0,86400,0,100110,0,755.78,0,193.6,0,128.98,0,377.37,0,0,0,-,-,116470,764.8,90.47,0
2024-04-18T24:00:00-07:00,98085,0,86400,0,100217,0,755.84,0,193.2,0,128.96,0,361.77,0,0,0,-,-,116470,764.8,82.68,0
2024-04-19T24:00:00-07:00,98700,0,86400,0,100324,0,755.9,0,199.21,0,133.6,0,349.01,0,0.01,0,-,-,116470,764.8,76.64,0
2024-04-20T24:00:00-07:00,99315,0,86400,0,100378,0,755.93,0,189.68,0,150.87,0,351.29,0,0,0,-,-,116470,764.8,70.34,0
2024-04-21T24:00:00-07:00,99930,0,86400,0,100431,0,755.96,0,189.86,0,150.91,0,342.15,0,0,0,-,-,116470,764.8,65.04,0
2024-04-22T24:00:00-07:00,100545,0,86400,0,100449,0,755.97,0,169.42,0,148.02,0,334.62,0,0,0,-,-,116470,764.8,62.23,0
2024-04-23T24:00:00-07:00,101160,0,86400,0,100467,0,755.98,0,159.01,0,142.6,0,329.67,0,0,0,-,-,116470,764.8,58.76,0
2024-04-24T24:00:00-07:00,101775,0,86400,0,100485,0,755.99,0,168.3,0,151,0,324.76,0,0,0,-,-,116470,764.8,56.14,0
2024-04-25T24:00:00-07:00,102390,0,86400,0,100503,0,756,0,159.88,0,143.95,0,315.73,0,0,0,-,-,116470,764.8,56.63,0