continent,country,year,gdpPercap,lifeExp,pop
Africa,Algeria,1952,2449.008185,43.077,9279525.0
Africa,Algeria,1957,3013.976023,45.685,10270856.0
Africa,Algeria,1962,2550.81688,48.303,11000948.0
Africa,Algeria,1967,3246.991771,51.407,12760499.0
Africa,Algeria,1972,4182.663766,54.518,14760787.0
Africa,Algeria,1977,4910.416756,58.014,17152804.0
Africa,Algeria,1982,5745.160213,61.368,20033753.0
Africa,Algeria,1987,5681.358539,65.799,23254956.0
Africa,Algeria,1992,5023.216647,67.744,26298373.0
Africa,Algeria,1997,4797.295051,69.152,29072015.0
Africa,Algeria,2002,5288.040382,70.994,31287142.0
Africa,Algeria,2007,6223.367465,72.301,33333216.0
Africa,Angola,1952,3520.610273,30.015,4232095.0
Africa,Angola,1957,3827.940465,31.999,4561361.0
Africa,Angola,1962,4269.276742,34.0,4826015.0
Africa,Angola,1967,5522.776375,35.985,5247469.0
Africa,Angola,1972,5473.288005,37.928,5894858.0
Africa,Angola,1977,3008.647355,39.483,6162675.0
Africa,Angola,1982,2756.953672,39.942,7016384.0
Africa,Angola,1987,2430.208311,39.906,7874230.0
Africa,Angola,1992,2627.845685,40.647,8735988.0
Africa,Angola,1997,2277.140884,40.963,9875024.0
Africa,Angola,2002,2773.287312,41.003,10866106.0
Africa,Angola,2007,4797.231267,42.731,12420476.0
Africa,Benin,1952,1062.7522,38.223,1738315.0
Africa,Benin,1957,959.6010805,40.358,1925173.0
Africa,Benin,1962,949.4990641,42.618,2151895.0
Africa,Benin,1967,1035.831411,44.885,2427334.0
Africa,Benin,1972,1085.796879,47.014,2761407.0
Africa,Benin,1977,1029.161251,49.19,3168267.0
Africa,Benin,1982,1277.897616,50.904,3641603.0
Africa,Benin,1987,1225.85601,52.337,4243788.0
Africa,Benin,1992,1191.207681,53.919,4981671.0
Africa,Benin,1997,1232.975292,54.777,6066080.0
Africa,Benin,2002,1372.877931,54.406,7026113.0
Africa,Benin,2007,1441.284873,56.728,8078314.0
Africa,Botswana,1952,851.2411407,47.622,442308.0
Africa,Botswana,1957,918.2325349,49.618,474639.0
Africa,Botswana,1962,983.6539764,51.52,512764.0
Africa,Botswana,1967,1214.709294,53.298,553541.0
Africa,Botswana,1972,2263.611114,56.024,619351.0
Africa,Botswana,1977,3214.857818,59.319,781472.0
Africa,Botswana,1982,4551.14215,61.484,970347.0
Africa,Botswana,1987,6205.88385,63.622,1151184.0
Africa,Botswana,1992,7954.111645,62.745,1342614.0
Africa,Botswana,1997,8647.142313,52.556,1536536.0
Africa,Botswana,2002,11003.60508,46.634,1630347.0
Africa,Botswana,2007,12569.85177,50.728,1639131.0
Africa,Burkina Faso,1952,543.2552413,31.975,4469979.0
Africa,Burkina Faso,1957,617.1834648,34.906,4713416.0
Africa,Burkina Faso,1962,722.5120206,37.814,4919632.0
Africa,Burkina Faso,1967,794.8265597,40.697,5127935.0
Africa,Burkina Faso,1972,854.7359763,43.591,5433886.0
Africa,Burkina Faso,1977,743.3870368,46.137,5889574.0
Africa,Burkina Faso,1982,807.1985855,48.122,6634596.0
Africa,Burkina Faso,1987,912.0631417,49.557,7586551.0
Africa,Burkina Faso,1992,931.7527731,50.26,8878303.0
Africa,Burkina Faso,1997,946.2949618,50.324,10352843.0
Africa,Burkina Faso,2002,1037.645221,50.65,12251209.0
Africa,Burkina Faso,2007,1217.032994,52.295,14326203.0
Africa,Burundi,1952,339.2964587,39.031,2445618.0
Africa,Burundi,1957,379.5646281,40.533,2667518.0
Africa,Burundi,1962,355.2032273,42.045,2961915.0
Africa,Burundi,1967,412.9775136,43.548,3330989.0
Africa,Burundi,1972,464.0995039,44.057,3529983.0
Africa,Burundi,1977,556.1032651,45.91,3834415.0
Africa,Burundi,1982,559.603231,47.471,4580410.0
Africa,Burundi,1987,621.8188189,48.211,5126023.0
Africa,Burundi,1992,631.6998778,44.736,5809236.0
Africa,Burundi,1997,463.1151478,45.326,6121610.0
Africa,Burundi,2002,446.4035126,47.36,7021078.0
Africa,Burundi,2007,430.0706916,49.58,8390505.0
Africa,Cameroon,1952,1172.667655,38.523,5009067.0
Africa,Cameroon,1957,1313.048099,40.428,5359923.0
Africa,Cameroon,1962,1399.607441,42.643,5793633.0
Africa,Cameroon,1967,1508.453148,44.799,6335506.0
Africa,Cameroon,1972,1684.146528,47.049,7021028.0
Africa,Cameroon,1977,1783.432873,49.355,7959865.0
Africa,Cameroon,1982,2367.983282,52.961,9250831.0
Africa,Cameroon,1987,2602.664206,54.985,10780667.0
Africa,Cameroon,1992,1793.163278,54.314,12467171.0
Africa,Cameroon,1997,1694.337469,52.199,14195809.0
Africa,Cameroon,2002,1934.011449,49.856,15929988.0
Africa,Cameroon,2007,2042.09524,50.43,17696293.0
Africa,Central African Republic,1952,1071.310713,35.463,1291695.0
Africa,Central African Republic,1957,1190.844328,37.464,1392284.0
Africa,Central African Republic,1962,1193.068753,39.475,1523478.0
Africa,Central African Republic,1967,1136.056615,41.478,1733638.0
Africa,Central African Republic,1972,1070.013275,43.457,1927260.0
Africa,Central African Republic,1977,1109.374338,46.775,2167533.0
Africa,Central African Republic,1982,956.7529907,48.295,2476971.0
Africa,Central African Republic,1987,844.8763504,50.485,2840009.0
Africa,Central African Republic,1992,747.9055252,49.396,3265124.0
Africa,Central African Republic,1997,740.5063317,46.066,3696513.0
Africa,Central African Republic,2002,738.6906068,43.308,4048013.0
Africa,Central African Republic,2007,706.016537,44.741,4369038.0
Africa,Chad,1952,1178.665927,38.092,2682462.0
Africa,Chad,1957,1308.495577,39.881,2894855.0
Africa,Chad,1962,1389.817618,41.716,3150417.0
Africa,Chad,1967,1196.810565,43.601,3495967.0
Africa,Chad,1972,1104.103987,45.569,3899068.0
Africa,Chad,1977,1133.98495,47.383,4388260.0
Africa,Chad,1982,797.9081006,49.517,4875118.0
Africa,Chad,1987,952.386129,51.051,5498955.0
Africa,Chad,1992,1058.0643,51.724,6429417.0
Africa,Chad,1997,1004.961353,51.573,7562011.0
Africa,Chad,2002,1156.18186,50.525,8835739.0
Africa,Chad,2007,1704.063724,50.651,10238807.0
Africa,Comoros,1952,1102.990936,40.715,153936.0
Africa,Comoros,1957,1211.148548,42.46,170928.0
Africa,Comoros,1962,1406.648278,44.467,191689.0
Africa,Comoros,1967,1876.029643,46.472,217378.0
Africa,Comoros,1972,1937.577675,48.944,250027.0
Africa,Comoros,1977,1172.603047,50.939,304739.0
Africa,Comoros,1982,1267.100083,52.933,348643.0
Africa,Comoros,1987,1315.980812,54.926,395114.0
Africa,Comoros,1992,1246.90737,57.939,454429.0
Africa,Comoros,1997,1173.618235,60.66,527982.0
Africa,Comoros,2002,1075.811558,62.974,614382.0
Africa,Comoros,2007,986.1478792,65.152,710960.0
Africa,Congo Dem. Rep.,1952,780.5423257,39.143,14100005.0
Africa,Congo Dem. Rep.,1957,905.8602303,40.652,15577932.0
Africa,Congo Dem. Rep.,1962,896.3146335,42.122,17486434.0
Africa,Congo Dem. Rep.,1967,861.5932424,44.056,19941073.0
Africa,Congo Dem. Rep.,1972,904.8960685,45.989,23007669.0
Africa,Congo Dem. Rep.,1977,795.757282,47.804,26480870.0
Africa,Congo Dem. Rep.,1982,673.7478181,47.784,30646495.0
Africa,Congo Dem. Rep.,1987,672.774812,47.412,35481645.0
Africa,Congo Dem. Rep.,1992,457.7191807,45.548,41672143.0
Africa,Congo Dem. Rep.,1997,312.188423,42.587,47798986.0
Africa,Congo Dem. Rep.,2002,241.1658765,44.966,55379852.0
Africa,Congo Dem. Rep.,2007,277.5518587,46.462,64606759.0
Africa,Congo Rep.,1952,2125.621418,42.111,854885.0
Africa,Congo Rep.,1957,2315.056572,45.053,940458.0
Africa,Congo Rep.,1962,2464.783157,48.435,1047924.0
Africa,Congo Rep.,1967,2677.939642,52.04,1179760.0
Africa,Congo Rep.,1972,3213.152683,54.907,1340458.0
Africa,Congo Rep.,1977,3259.178978,55.625,1536769.0
Africa,Congo Rep.,1982,4879.507522,56.695,1774735.0
Africa,Congo Rep.,1987,4201.194937,57.47,2064095.0
Africa,Congo Rep.,1992,4016.239529,56.433,2409073.0
Africa,Congo Rep.,1997,3484.164376,52.962,2800947.0
Africa,Congo Rep.,2002,3484.06197,52.97,3328795.0
Africa,Congo Rep.,2007,3632.557798,55.322,3800610.0
Africa,Cote d'Ivoire,1952,1388.594732,40.477,2977019.0
Africa,Cote d'Ivoire,1957,1500.895925,42.469,3300000.0
Africa,Cote d'Ivoire,1962,1728.869428,44.93,3832408.0
Africa,Cote d'Ivoire,1967,2052.050473,47.35,4744870.0
Africa,Cote d'Ivoire,1972,2378.201111,49.801,6071696.0
Africa,Cote d'Ivoire,1977,2517.736547,52.374,7459574.0
Africa,Cote d'Ivoire,1982,2602.710169,53.983,9025951.0
Africa,Cote d'Ivoire,1987,2156.956069,54.655,10761098.0
Africa,Cote d'Ivoire,1992,1648.073791,52.044,12772596.0
Africa,Cote d'Ivoire,1997,1786.265407,47.991,14625967.0
Africa,Cote d'Ivoire,2002,1648.800823,46.832,16252726.0
Africa,Cote d'Ivoire,2007,1544.750112,48.328,18013409.0
Africa,Djibouti,1952,2669.529475,34.812,63149.0
Africa,Djibouti,1957,2864.969076,37.328,71851.0
Africa,Djibouti,1962,3020.989263,39.693,89898.0
Africa,Djibouti,1967,3020.050513,42.074,127617.0
Africa,Djibouti,1972,3694.212352,44.366,178848.0
Africa,Djibouti,1977,3081.761022,46.519,228694.0
Africa,Djibouti,1982,2879.468067,48.812,305991.0
Africa,Djibouti,1987,2880.102568,50.04,311025.0
Africa,Djibouti,1992,2377.156192,51.604,384156.0
Africa,Djibouti,1997,1895.016984,53.157,417908.0
Africa,Djibouti,2002,1908.260867,53.373,447416.0
Africa,Djibouti,2007,2082.481567,54.791,496374.0
Africa,Egypt,1952,1418.822445,41.893,22223309.0
Africa,Egypt,1957,1458.915272,44.444,25009741.0
Africa,Egypt,1962,1693.335853,46.992,28173309.0
Africa,Egypt,1967,1814.880728,49.293,31681188.0
Africa,Egypt,1972,2024.008147,51.137,34807417.0
Africa,Egypt,1977,2785.493582,53.319,38783863.0
Africa,Egypt,1982,3503.729636,56.006,45681811.0
Africa,Egypt,1987,3885.46071,59.797,52799062.0
Africa,Egypt,1992,3794.755195,63.674,59402198.0
Africa,Egypt,1997,4173.181797,67.217,66134291.0
Africa,Egypt,2002,4754.604414,69.806,73312559.0
Africa,Egypt,2007,5581.180998,71.338,80264543.0
Africa,Equatorial Guinea,1952,375.6431231,34.482,216964.0
Africa,Equatorial Guinea,1957,426.0964081,35.983,232922.0
Africa,Equatorial Guinea,1962,582.8419714,37.485,249220.0
Africa,Equatorial Guinea,1967,915.5960025,38.987,259864.0
Africa,Equatorial Guinea,1972,672.4122571,40.516,277603.0
Africa,Equatorial Guinea,1977,958.5668124,42.024,192675.0
Africa,Equatorial Guinea,1982,927.8253427,43.662,285483.0
Africa,Equatorial Guinea,1987,966.8968149,45.664,341244.0
Africa,Equatorial Guinea,1992,1132.055034,47.545,387838.0
Africa,Equatorial Guinea,1997,2814.480755,48.245,439971.0
Africa,Equatorial Guinea,2002,7703.4959,49.348,495627.0
Africa,Equatorial Guinea,2007,12154.08975,51.579,551201.0
Africa,Eritrea,1952,328.9405571,35.928,1438760.0
Africa,Eritrea,1957,344.1618859,38.047,1542611.0
Africa,Eritrea,1962,380.9958433,40.158,1666618.0
Africa,Eritrea,1967,468.7949699,42.189,1820319.0
Africa,Eritrea,1972,514.3242082,44.142,2260187.0
Africa,Eritrea,1977,505.7538077,44.535,2512642.0
Africa,Eritrea,1982,524.8758493,43.89,2637297.0
Africa,Eritrea,1987,521.1341333,46.453,2915959.0
Africa,Eritrea,1992,582.8585102,49.991,3668440.0
Africa,Eritrea,1997,913.47079,53.378,4058319.0
Africa,Eritrea,2002,765.3500015,55.24,4414865.0
Africa,Eritrea,2007,641.3695236,58.04,4906585.0
Africa,Ethiopia,1952,362.1462796,34.078,20860941.0
Africa,Ethiopia,1957,378.9041632,36.667,22815614.0
Africa,Ethiopia,1962,419.4564161,40.059,25145372.0
Africa,Ethiopia,1967,516.1186438,42.115,27860297.0
Africa,Ethiopia,1972,566.2439442,43.515,30770372.0
Africa,Ethiopia,1977,556.8083834,44.51,34617799.0
Africa,Ethiopia,1982,577.8607471,44.916,38111756.0
Africa,Ethiopia,1987,573.7413142,46.684,42999530.0
Africa,Ethiopia,1992,421.3534653,48.091,52088559.0
Africa,Ethiopia,1997,515.8894013,49.402,59861301.0
Africa,Ethiopia,2002,530.0535319,50.725,67946797.0
Africa,Ethiopia,2007,690.8055759,52.947,76511887.0
Africa,Gabon,1952,4293.476475,37.003,420702.0
Africa,Gabon,1957,4976.198099,38.999,434904.0
Africa,Gabon,1962,6631.459222,40.489,455661.0
Africa,Gabon,1967,8358.761987,44.598,489004.0
Africa,Gabon,1972,11401.94841,48.69,537977.0
Africa,Gabon,1977,21745.57328,52.79,706367.0
Africa,Gabon,1982,15113.36194,56.564,753874.0
Africa,Gabon,1987,11864.40844,60.19,880397.0
Africa,Gabon,1992,13522.15752,61.366,985739.0
Africa,Gabon,1997,14722.84188,60.461,1126189.0
Africa,Gabon,2002,12521.71392,56.761,1299304.0
Africa,Gabon,2007,13206.48452,56.735,1454867.0
Africa,Gambia,1952,485.2306591,30.0,284320.0
Africa,Gambia,1957,520.9267111,32.065,323150.0
Africa,Gambia,1962,599.650276,33.896,374020.0
Africa,Gambia,1967,734.7829124,35.857,439593.0
Africa,Gambia,1972,756.0868363,38.308,517101.0
Africa,Gambia,1977,884.7552507,41.842,608274.0
Africa,Gambia,1982,835.8096108,45.58,715523.0
Africa,Gambia,1987,611.6588611,49.265,848406.0
Africa,Gambia,1992,665.6244126,52.644,1025384.0
Africa,Gambia,1997,653.7301704,55.861,1235767.0
Africa,Gambia,2002,660.5855997,58.041,1457766.0
Africa,Gambia,2007,752.7497265,59.448,1688359.0
Africa,Ghana,1952,911.2989371,43.149,5581001.0
Africa,Ghana,1957,1043.561537,44.779,6391288.0
Africa,Ghana,1962,1190.041118,46.452,7355248.0
Africa,Ghana,1967,1125.69716,48.072,8490213.0
Africa,Ghana,1972,1178.223708,49.875,9354120.0
Africa,Ghana,1977,993.2239571,51.756,10538093.0
Africa,Ghana,1982,876.032569,53.744,11400338.0
Africa,Ghana,1987,847.0061135,55.729,14168101.0
Africa,Ghana,1992,925.060154,57.501,16278738.0
Africa,Ghana,1997,1005.245812,58.556,18418288.0
Africa,Ghana,2002,1111.984578,58.453,20550751.0
Africa,Ghana,2007,1327.60891,60.022,22873338.0
Africa,Guinea,1952,510.1964923,33.609,2664249.0
Africa,Guinea,1957,576.2670245,34.558,2876726.0
Africa,Guinea,1962,686.3736739,35.753,3140003.0
Africa,Guinea,1967,708.7595409,37.197,3451418.0
Africa,Guinea,1972,741.6662307,38.842,3811387.0
Africa,Guinea,1977,874.6858643,40.762,4227026.0
Africa,Guinea,1982,857.2503577,42.891,4710497.0
Africa,Guinea,1987,805.5724718,45.552,5650262.0
Africa,Guinea,1992,794.3484384,48.576,6990574.0
Africa,Guinea,1997,869.4497668,51.455,8048834.0
Africa,Guinea,2002,945.5835837,53.676,8807818.0
Africa,Guinea,2007,942.6542111,56.007,9947814.0
Africa,Guinea-Bissau,1952,299.850319,32.5,580653.0
Africa,Guinea-Bissau,1957,431.7904566,33.489,601095.0
Africa,Guinea-Bissau,1962,522.0343725,34.488,627820.0
Africa,Guinea-Bissau,1967,715.5806402,35.492,601287.0
Africa,Guinea-Bissau,1972,820.2245876,36.486,625361.0
Africa,Guinea-Bissau,1977,764.7259628,37.465,745228.0
Africa,Guinea-Bissau,1982,838.1239671,39.327,825987.0
Africa,Guinea-Bissau,1987,736.4153921,41.245,927524.0
Africa,Guinea-Bissau,1992,745.5398706,43.266,1050938.0
Africa,Guinea-Bissau,1997,796.6644681,44.873,1193708.0
Africa,Guinea-Bissau,2002,575.7047176,45.504,1332459.0
Africa,Guinea-Bissau,2007,579.231743,46.388,1472041.0
Africa,Kenya,1952,853.540919,42.27,6464046.0
Africa,Kenya,1957,944.4383152,44.686,7454779.0
Africa,Kenya,1962,896.9663732,47.949,8678557.0
Africa,Kenya,1967,1056.736457,50.654,10191512.0
Africa,Kenya,1972,1222.359968,53.559,12044785.0
Africa,Kenya,1977,1267.613204,56.155,14500404.0
Africa,Kenya,1982,1348.225791,58.766,17661452.0
Africa,Kenya,1987,1361.936856,59.339,21198082.0
Africa,Kenya,1992,1341.921721,59.285,25020539.0
Africa,Kenya,1997,1360.485021,54.407,28263827.0
Africa,Kenya,2002,1287.514732,50.992,31386842.0
Africa,Kenya,2007,1463.249282,54.11,35610177.0
Africa,Lesotho,1952,298.8462121,42.138,748747.0
Africa,Lesotho,1957,335.9971151,45.047,813338.0
Africa,Lesotho,1962,411.8006266,47.747,893143.0
Africa,Lesotho,1967,498.6390265,48.492,996380.0
Africa,Lesotho,1972,496.5815922,49.767,1116779.0
Africa,Lesotho,1977,745.3695408,52.208,1251524.0
Africa,Lesotho,1982,797.2631074,55.078,1411807.0
Africa,Lesotho,1987,773.9932141,57.18,1599200.0
Africa,Lesotho,1992,977.4862725,59.685,1803195.0
Africa,Lesotho,1997,1186.147994,55.558,1982823.0
Africa,Lesotho,2002,1275.184575,44.593,2046772.0
Africa,Lesotho,2007,1569.331442,42.592,2012649.0
Africa,Liberia,1952,575.5729961,38.48,863308.0
Africa,Liberia,1957,620.9699901,39.486,975950.0
Africa,Liberia,1962,634.1951625,40.502,1112796.0
Africa,Liberia,1967,713.6036483,41.536,1279406.0
Africa,Liberia,1972,803.0054535,42.614,1482628.0
Africa,Liberia,1977,640.3224383,43.764,1703617.0
Africa,Liberia,1982,572.1995694,44.852,1956875.0
Africa,Liberia,1987,506.1138573,46.027,2269414.0
Africa,Liberia,1992,636.6229191,40.802,1912974.0
Africa,Liberia,1997,609.1739508,42.221,2200725.0
Africa,Liberia,2002,531.4823679,43.753,2814651.0
Africa,Liberia,2007,414.5073415,45.678,3193942.0
Africa,Libya,1952,2387.54806,42.723,1019729.0
Africa,Libya,1957,3448.284395,45.289,1201578.0
Africa,Libya,1962,6757.030816,47.808,1441863.0
Africa,Libya,1967,18772.75169,50.227,1759224.0
Africa,Libya,1972,21011.49721,52.773,2183877.0
Africa,Libya,1977,21951.21176,57.442,2721783.0
Africa,Libya,1982,17364.27538,62.155,3344074.0
Africa,Libya,1987,11770.5898,66.234,3799845.0
Africa,Libya,1992,9640.138501,68.755,4364501.0
Africa,Libya,1997,9467.446056,71.555,4759670.0
Africa,Libya,2002,9534.677467,72.737,5368585.0
Africa,Libya,2007,12057.49928,73.952,6036914.0
Africa,Madagascar,1952,1443.011715,36.681,4762912.0
Africa,Madagascar,1957,1589.20275,38.865,5181679.0
Africa,Madagascar,1962,1643.38711,40.848,5703324.0
Africa,Madagascar,1967,1634.047282,42.881,6334556.0
Africa,Madagascar,1972,1748.562982,44.851,7082430.0
Africa,Madagascar,1977,1544.228586,46.881,8007166.0
Africa,Madagascar,1982,1302.878658,48.969,9171477.0
Africa,Madagascar,1987,1155.441948,49.35,10568642.0
Africa,Madagascar,1992,1040.67619,52.214,12210395.0
Africa,Madagascar,1997,986.2958956,54.978,14165114.0
Africa,Madagascar,2002,894.6370822,57.286,16473477.0
Africa,Madagascar,2007,1044.770126,59.443,19167654.0
Africa,Malawi,1952,369.1650802,36.256,2917802.0
Africa,Malawi,1957,416.3698064,37.207,3221238.0
Africa,Malawi,1962,427.9010856,38.41,3628608.0
Africa,Malawi,1967,495.5147806,39.487,4147252.0
Africa,Malawi,1972,584.6219709,41.766,4730997.0
Africa,Malawi,1977,663.2236766,43.767,5637246.0
Africa,Malawi,1982,632.8039209,45.642,6502825.0
Africa,Malawi,1987,635.5173634,47.457,7824747.0
Africa,Malawi,1992,563.2000145,49.42,10014249.0
Africa,Malawi,1997,692.2758103,47.495,10419991.0
Africa,Malawi,2002,665.4231186,45.009,11824495.0
Africa,Malawi,2007,759.3499101,48.303,13327079.0
Africa,Mali,1952,452.3369807,33.685,3838168.0
Africa,Mali,1957,490.3821867,35.307,4241884.0
Africa,Mali,1962,496.1743428,36.936,4690372.0
Africa,Mali,1967,545.0098873,38.487,5212416.0
Africa,Mali,1972,581.3688761,39.977,5828158.0
Africa,Mali,1977,686.3952693,41.714,6491649.0
Africa,Mali,1982,618.0140641,43.916,6998256.0
Africa,Mali,1987,684.1715576,46.364,7634008.0
Africa,Mali,1992,739.014375,48.388,8416215.0
Africa,Mali,1997,790.2579846,49.903,9384984.0
Africa,Mali,2002,951.4097518,51.818,10580176.0
Africa,Mali,2007,1042.581557,54.467,12031795.0
Africa,Mauritania,1952,743.1159097,40.543,1022556.0
Africa,Mauritania,1957,846.1202613,42.338,1076852.0
Africa,Mauritania,1962,1055.896036,44.248,1146757.0
Africa,Mauritania,1967,1421.145193,46.289,1230542.0
Africa,Mauritania,1972,1586.851781,48.437,1332786.0
Africa,Mauritania,1977,1497.492223,50.852,1456688.0
Africa,Mauritania,1982,1481.150189,53.599,1622136.0
Africa,Mauritania,1987,1421.603576,56.145,1841240.0
Africa,Mauritania,1992,1361.369784,58.333,2119465.0
Africa,Mauritania,1997,1483.136136,60.43,2444741.0
Africa,Mauritania,2002,1579.019543,62.247,2828858.0
Africa,Mauritania,2007,1803.151496,64.164,3270065.0
Africa,Mauritius,1952,1967.955707,50.986,516556.0
Africa,Mauritius,1957,2034.037981,58.089,609816.0
Africa,Mauritius,1962,2529.067487,60.246,701016.0
Africa,Mauritius,1967,2475.387562,61.557,789309.0
Africa,Mauritius,1972,2575.484158,62.944,851334.0
Africa,Mauritius,1977,3710.982963,64.93,913025.0
Africa,Mauritius,1982,3688.037739,66.711,992040.0
Africa,Mauritius,1987,4783.586903,68.74,1042663.0
Africa,Mauritius,1992,6058.253846,69.745,1096202.0
Africa,Mauritius,1997,7425.705295,70.736,1149818.0
Africa,Mauritius,2002,9021.815894,71.954,1200206.0
Africa,Mauritius,2007,10956.99112,72.801,1250882.0
Africa,Morocco,1952,1688.20357,42.873,9939217.0
Africa,Morocco,1957,1642.002314,45.423,11406350.0
Africa,Morocco,1962,1566.353493,47.924,13056604.0
Africa,Morocco,1967,1711.04477,50.335,14770296.0
Africa,Morocco,1972,1930.194975,52.862,16660670.0
Africa,Morocco,1977,2370.619976,55.73,18396941.0
Africa,Morocco,1982,2702.620356,59.65,20198730.0
Africa,Morocco,1987,2755.046991,62.677,22987397.0
Africa,Morocco,1992,2948.047252,65.393,25798239.0
Africa,Morocco,1997,2982.101858,67.66,28529501.0
Africa,Morocco,2002,3258.495584,69.615,31167783.0
Africa,Morocco,2007,3820.17523,71.164,33757175.0
Africa,Mozambique,1952,468.5260381,31.286,6446316.0
Africa,Mozambique,1957,495.5868333,33.779,7038035.0
Africa,Mozambique,1962,556.6863539,36.161,7788944.0
Africa,Mozambique,1967,566.6691539,38.113,8680909.0
Africa,Mozambique,1972,724.9178037,40.328,9809596.0
Africa,Mozambique,1977,502.3197334,42.495,11127868.0
Africa,Mozambique,1982,462.2114149,42.795,12587223.0
Africa,Mozambique,1987,389.8761846,42.861,12891952.0
Africa,Mozambique,1992,410.8968239,44.284,13160731.0
Africa,Mozambique,1997,472.3460771,46.344,16603334.0
Africa,Mozambique,2002,633.6179466,44.026,18473780.0
Africa,Mozambique,2007,823.6856205,42.082,19951656.0
Africa,Namibia,1952,2423.780443,41.725,485831.0
Africa,Namibia,1957,2621.448058,45.226,548080.0
Africa,Namibia,1962,3173.215595,48.386,621392.0
Africa,Namibia,1967,3793.694753,51.159,706640.0
Africa,Namibia,1972,3746.080948,53.867,821782.0
Africa,Namibia,1977,3876.485958,56.437,977026.0
Africa,Namibia,1982,4191.100511,58.968,1099010.0
Africa,Namibia,1987,3693.731337,60.835,1278184.0
Africa,Namibia,1992,3804.537999,61.999,1554253.0
Africa,Namibia,1997,3899.52426,58.909,1774766.0
Africa,Namibia,2002,4072.324751,51.479,1972153.0
Africa,Namibia,2007,4811.060429,52.906,2055080.0
Africa,Niger,1952,761.879376,37.444,3379468.0
Africa,Niger,1957,835.5234025,38.598,3692184.0
Africa,Niger,1962,997.7661127,39.487,4076008.0
Africa,Niger,1967,1054.384891,40.118,4534062.0
Africa,Niger,1972,954.2092363,40.546,5060262.0
Africa,Niger,1977,808.8970728,41.291,5682086.0
Africa,Niger,1982,909.7221354,42.598,6437188.0
Africa,Niger,1987,668.3000228,44.555,7332638.0
Africa,Niger,1992,581.182725,47.391,8392818.0
Africa,Niger,1997,580.3052092,51.313,9666252.0
Africa,Niger,2002,601.0745012,54.496,11140655.0
Africa,Niger,2007,619.6768924,56.867,12894865.0
Africa,Nigeria,1952,1077.281856,36.324,33119096.0
Africa,Nigeria,1957,1100.592563,37.802,37173340.0
Africa,Nigeria,1962,1150.927478,39.36,41871351.0
Africa,Nigeria,1967,1014.514104,41.04,47287752.0
Africa,Nigeria,1972,1698.388838,42.821,53740085.0
Africa,Nigeria,1977,1981.951806,44.514,62209173.0
Africa,Nigeria,1982,1576.97375,45.826,73039376.0
Africa,Nigeria,1987,1385.029563,46.886,81551520.0
Africa,Nigeria,1992,1619.848217,47.472,93364244.0
Africa,Nigeria,1997,1624.941275,47.464,106207839.0
Africa,Nigeria,2002,1615.286395,46.608,119901274.0
Africa,Nigeria,2007,2013.977305,46.859,135031164.0
Africa,Reunion,1952,2718.885295,52.724,257700.0
Africa,Reunion,1957,2769.451844,55.09,308700.0
Africa,Reunion,1962,3173.72334,57.666,358900.0
Africa,Reunion,1967,4021.175739,60.542,414024.0
Africa,Reunion,1972,5047.658563,64.274,461633.0
Africa,Reunion,1977,4319.804067,67.064,492095.0
Africa,Reunion,1982,5267.219353,69.885,517810.0
Africa,Reunion,1987,5303.377488,71.913,562035.0
Africa,Reunion,1992,6101.255823,73.615,622191.0
Africa,Reunion,1997,6071.941411,74.772,684810.0
Africa,Reunion,2002,6316.1652,75.744,743981.0
Africa,Reunion,2007,7670.122558,76.442,798094.0
Africa,Rwanda,1952,493.3238752,40.0,2534927.0
Africa,Rwanda,1957,540.2893983,41.5,2822082.0
Africa,Rwanda,1962,597.4730727,43.0,3051242.0
Africa,Rwanda,1967,510.9637142,44.1,3451079.0
Africa,Rwanda,1972,590.5806638,44.6,3992121.0
Africa,Rwanda,1977,670.0806011,45.0,4657072.0
Africa,Rwanda,1982,881.5706467,46.218,5507565.0
Africa,Rwanda,1987,847.991217,44.02,6349365.0
Africa,Rwanda,1992,737.0685949,23.599,7290203.0
Africa,Rwanda,1997,589.9445051,36.087,7212583.0
Africa,Rwanda,2002,785.6537648,43.413,7852401.0
Africa,Rwanda,2007,863.0884639,46.242,8860588.0
Africa,Sao Tome and Principe,1952,879.5835855,46.471,60011.0
Africa,Sao Tome and Principe,1957,860.7369026,48.945,61325.0
Africa,Sao Tome and Principe,1962,1071.551119,51.893,65345.0
Africa,Sao Tome and Principe,1967,1384.840593,54.425,70787.0
Africa,Sao Tome and Principe,1972,1532.985254,56.48,76595.0
Africa,Sao Tome and Principe,1977,1737.561657,58.55,86796.0
Africa,Sao Tome and Principe,1982,1890.218117,60.351,98593.0
Africa,Sao Tome and Principe,1987,1516.525457,61.728,110812.0
Africa,Sao Tome and Principe,1992,1428.777814,62.742,125911.0
Africa,Sao Tome and Principe,1997,1339.076036,63.306,145608.0
Africa,Sao Tome and Principe,2002,1353.09239,64.337,170372.0
Africa,Sao Tome and Principe,2007,1598.435089,65.528,199579.0
Africa,Senegal,1952,1450.356983,37.278,2755589.0
Africa,Senegal,1957,1567.653006,39.329,3054547.0
Africa,Senegal,1962,1654.988723,41.454,3430243.0
Africa,Senegal,1967,1612.404632,43.563,3965841.0
Africa,Senegal,1972,1597.712056,45.815,4588696.0
Africa,Senegal,1977,1561.769116,48.879,5260855.0
Africa,Senegal,1982,1518.479984,52.379,6147783.0
Africa,Senegal,1987,1441.72072,55.769,7171347.0
Africa,Senegal,1992,1367.899369,58.196,8307920.0
Africa,Senegal,1997,1392.368347,60.187,9535314.0
Africa,Senegal,2002,1519.635262,61.6,10870037.0
Africa,Senegal,2007,1712.472136,63.062,12267493.0
Africa,Sierra Leone,1952,879.7877358,30.331,2143249.0
Africa,Sierra Leone,1957,1004.484437,31.57,2295678.0
Africa,Sierra Leone,1962,1116.639877,32.767,2467895.0
Africa,Sierra Leone,1967,1206.043465,34.113,2662190.0
Africa,Sierra Leone,1972,1353.759762,35.4,2879013.0
Africa,Sierra Leone,1977,1348.285159,36.788,3140897.0
Africa,Sierra Leone,1982,1465.010784,38.445,3464522.0
Africa,Sierra Leone,1987,1294.447788,40.006,3868905.0
Africa,Sierra Leone,1992,1068.696278,38.333,4260884.0
Africa,Sierra Leone,1997,574.6481576,39.897,4578212.0
Africa,Sierra Leone,2002,699.489713,41.012,5359092.0
Africa,Sierra Leone,2007,862.5407561,42.568,6144562.0
Africa,Somalia,1952,1135.749842,32.978,2526994.0
Africa,Somalia,1957,1258.147413,34.977,2780415.0
Africa,Somalia,1962,1369.488336,36.981,3080153.0
Africa,Somalia,1967,1284.73318,38.977,3428839.0
Africa,Somalia,1972,1254.576127,40.973,3840161.0
Africa,Somalia,1977,1450.992513,41.974,4353666.0
Africa,Somalia,1982,1176.807031,42.955,5828892.0
Africa,Somalia,1987,1093.244963,44.501,6921858.0
Africa,Somalia,1992,926.9602964,39.658,6099799.0
Africa,Somalia,1997,930.5964284,43.795,6633514.0
Africa,Somalia,2002,882.0818218,45.936,7753310.0
Africa,Somalia,2007,926.1410683,48.159,9118773.0
Africa,South Africa,1952,4725.295531,45.009,14264935.0
Africa,South Africa,1957,5487.104219,47.985,16151549.0
Africa,South Africa,1962,5768.729717,49.951,18356657.0
Africa,South Africa,1967,7114.477971,51.927,20997321.0
Africa,South Africa,1972,7765.962636,53.696,23935810.0
Africa,South Africa,1977,8028.651439,55.527,27129932.0
Africa,South Africa,1982,8568.266228,58.161,31140029.0
Africa,South Africa,1987,7825.823398,60.834,35933379.0
Africa,South Africa,1992,7225.069258,61.888,39964159.0
Africa,South Africa,1997,7479.188244,60.236,42835005.0
Africa,South Africa,2002,7710.946444,53.365,44433622.0
Africa,South Africa,2007,9269.657808,49.339,43997828.0
Africa,Sudan,1952,1615.991129,38.635,8504667.0
Africa,Sudan,1957,1770.337074,39.624,9753392.0
Africa,Sudan,1962,1959.593767,40.87,11183227.0
Africa,Sudan,1967,1687.997641,42.858,12716129.0
Africa,Sudan,1972,1659.652775,45.083,14597019.0
Africa,Sudan,1977,2202.988423,47.8,17104986.0
Africa,Sudan,1982,1895.544073,50.338,20367053.0
Africa,Sudan,1987,1507.819159,51.744,24725960.0
Africa,Sudan,1992,1492.197043,53.556,28227588.0
Africa,Sudan,1997,1632.210764,55.373,32160729.0
Africa,Sudan,2002,1993.398314,56.369,37090298.0
Africa,Sudan,2007,2602.394995,58.556,42292929.0
Africa,Swaziland,1952,1148.376626,41.407,290243.0
Africa,Swaziland,1957,1244.708364,43.424,326741.0
Africa,Swaziland,1962,1856.182125,44.992,370006.0
Africa,Swaziland,1967,2613.101665,46.633,420690.0
Africa,Swaziland,1972,3364.836625,49.552,480105.0
Africa,Swaziland,1977,3781.410618,52.537,551425.0
Africa,Swaziland,1982,3895.384018,55.561,649901.0
Africa,Swaziland,1987,3984.839812,57.678,779348.0
Africa,Swaziland,1992,3553.0224,58.474,962344.0
Africa,Swaziland,1997,3876.76846,54.289,1054486.0
Africa,Swaziland,2002,4128.116943,43.869,1130269.0
Africa,Swaziland,2007,4513.480643,39.613,1133066.0
Africa,Tanzania,1952,716.6500721,41.215,8322925.0
Africa,Tanzania,1957,698.5356073,42.974,9452826.0
Africa,Tanzania,1962,722.0038073,44.246,10863958.0
Africa,Tanzania,1967,848.2186575,45.757,12607312.0
Africa,Tanzania,1972,915.9850592,47.62,14706593.0
Africa,Tanzania,1977,962.4922932,49.919,17129565.0
Africa,Tanzania,1982,874.2426069,50.608,19844382.0
Africa,Tanzania,1987,831.8220794,51.535,23040630.0
Africa,Tanzania,1992,825.682454,50.44,26605473.0
Africa,Tanzania,1997,789.1862231,48.466,30686889.0
Africa,Tanzania,2002,899.0742111,49.651,34593779.0
Africa,Tanzania,2007,1107.482182,52.517,38139640.0
Africa,Togo,1952,859.8086567,38.596,1219113.0
Africa,Togo,1957,925.9083202,41.208,1357445.0
Africa,Togo,1962,1067.53481,43.922,1528098.0
Africa,Togo,1967,1477.59676,46.769,1735550.0
Africa,Togo,1972,1649.660188,49.759,2056351.0
Africa,Togo,1977,1532.776998,52.887,2308582.0
Africa,Togo,1982,1344.577953,55.471,2644765.0
Africa,Togo,1987,1202.201361,56.941,3154264.0
Africa,Togo,1992,1034.298904,58.061,3747553.0
Africa,Togo,1997,982.2869243,58.39,4320890.0
Africa,Togo,2002,886.2205765,57.561,4977378.0
Africa,Togo,2007,882.9699438,58.42,5701579.0
Africa,Tunisia,1952,1468.475631,44.6,3647735.0
Africa,Tunisia,1957,1395.232468,47.1,3950849.0
Africa,Tunisia,1962,1660.30321,49.579,4286552.0
Africa,Tunisia,1967,1932.360167,52.053,4786986.0
Africa,Tunisia,1972,2753.285994,55.602,5303507.0
Africa,Tunisia,1977,3120.876811,59.837,6005061.0
Africa,Tunisia,1982,3560.233174,64.048,6734098.0
Africa,Tunisia,1987,3810.419296,66.894,7724976.0
Africa,Tunisia,1992,4332.720164,70.001,8523077.0
Africa,Tunisia,1997,4876.798614,71.973,9231669.0
Africa,Tunisia,2002,5722.895655,73.042,9770575.0
Africa,Tunisia,2007,7092.923025,73.923,10276158.0
Africa,Uganda,1952,734.753484,39.978,5824797.0
Africa,Uganda,1957,774.3710692,42.571,6675501.0
Africa,Uganda,1962,767.2717398,45.344,7688797.0
Africa,Uganda,1967,908.9185217,48.051,8900294.0
Africa,Uganda,1972,950.735869,51.016,10190285.0
Africa,Uganda,1977,843.7331372,50.35,11457758.0
Africa,Uganda,1982,682.2662268,49.849,12939400.0
Africa,Uganda,1987,617.7244065,51.509,15283050.0
Africa,Uganda,1992,644.1707969,48.825,18252190.0
Africa,Uganda,1997,816.559081,44.578,21210254.0
Africa,Uganda,2002,927.7210018,47.813,24739869.0
Africa,Uganda,2007,1056.380121,51.542,29170398.0
Africa,Zambia,1952,1147.388831,42.038,2672000.0
Africa,Zambia,1957,1311.956766,44.077,3016000.0
Africa,Zambia,1962,1452.725766,46.023,3421000.0
Africa,Zambia,1967,1777.077318,47.768,3900000.0
Africa,Zambia,1972,1773.498265,50.107,4506497.0
Africa,Zambia,1977,1588.688299,51.386,5216550.0
Africa,Zambia,1982,1408.678565,51.821,6100407.0
Africa,Zambia,1987,1213.315116,50.821,7272406.0
Africa,Zambia,1992,1210.884633,46.1,8381163.0
Africa,Zambia,1997,1071.353818,40.238,9417789.0
Africa,Zambia,2002,1071.613938,39.193,10595811.0
Africa,Zambia,2007,1271.211593,42.384,11746035.0
Africa,Zimbabwe,1952,406.8841148,48.451,3080907.0
Africa,Zimbabwe,1957,518.7642681,50.469,3646340.0
Africa,Zimbabwe,1962,527.2721818,52.358,4277736.0
Africa,Zimbabwe,1967,569.7950712,53.995,4995432.0
Africa,Zimbabwe,1972,799.3621758,55.635,5861135.0
Africa,Zimbabwe,1977,685.5876821,57.674,6642107.0
Africa,Zimbabwe,1982,788.8550411,60.363,7636524.0
Africa,Zimbabwe,1987,706.1573059,62.351,9216418.0
Africa,Zimbabwe,1992,693.4207856,60.377,10704340.0
Africa,Zimbabwe,1997,792.4499603,46.809,11404948.0
Africa,Zimbabwe,2002,672.0386227,39.989,11926563.0
Africa,Zimbabwe,2007,469.7092981,43.487,12311143.0
Americas,Argentina,1952,5911.315053,62.485,17876956.0
Americas,Argentina,1957,6856.856212,64.399,19610538.0
Americas,Argentina,1962,7133.166023,65.142,21283783.0
Americas,Argentina,1967,8052.953021,65.634,22934225.0
Americas,Argentina,1972,9443.038526,67.065,24779799.0
Americas,Argentina,1977,10079.02674,68.481,26983828.0
Americas,Argentina,1982,8997.897412,69.942,29341374.0
Americas,Argentina,1987,9139.671389,70.774,31620918.0
Americas,Argentina,1992,9308.41871,71.868,33958947.0
Americas,Argentina,1997,10967.28195,73.275,36203463.0
Americas,Argentina,2002,8797.640716,74.34,38331121.0
Americas,Argentina,2007,12779.37964,75.32,40301927.0
Americas,Bolivia,1952,2677.326347,40.414,2883315.0
Americas,Bolivia,1957,2127.686326,41.89,3211738.0
Americas,Bolivia,1962,2180.972546,43.428,3593918.0
Americas,Bolivia,1967,2586.886053,45.032,4040665.0
Americas,Bolivia,1972,2980.331339,46.714,4565872.0
Americas,Bolivia,1977,3548.097832,50.023,5079716.0
Americas,Bolivia,1982,3156.510452,53.859,5642224.0
Americas,Bolivia,1987,2753.69149,57.251,6156369.0
Americas,Bolivia,1992,2961.699694,59.957,6893451.0
Americas,Bolivia,1997,3326.143191,62.05,7693188.0
Americas,Bolivia,2002,3413.26269,63.883,8445134.0
Americas,Bolivia,2007,3822.137084,65.554,9119152.0
Americas,Brazil,1952,2108.944355,50.917,56602560.0
Americas,Brazil,1957,2487.365989,53.285,65551171.0
Americas,Brazil,1962,3336.585802,55.665,76039390.0
Americas,Brazil,1967,3429.864357,57.632,88049823.0
Americas,Brazil,1972,4985.711467,59.504,100840058.0
Americas,Brazil,1977,6660.118654,61.489,114313951.0
Americas,Brazil,1982,7030.835878,63.336,128962939.0
Americas,Brazil,1987,7807.095818,65.205,142938076.0
Americas,Brazil,1992,6950.283021,67.057,155975974.0
Americas,Brazil,1997,7957.980824,69.388,168546719.0
Americas,Brazil,2002,8131.212843,71.006,179914212.0
Americas,Brazil,2007,9065.800825,72.39,190010647.0
Americas,Canada,1952,11367.16112,68.75,14785584.0
Americas,Canada,1957,12489.95006,69.96,17010154.0
Americas,Canada,1962,13462.48555,71.3,18985849.0
Americas,Canada,1967,16076.58803,72.13,20819767.0
Americas,Canada,1972,18970.57086,72.88,22284500.0
Americas,Canada,1977,22090.88306,74.21,23796400.0
Americas,Canada,1982,22898.79214,75.76,25201900.0
Americas,Canada,1987,26626.51503,76.86,26549700.0
Americas,Canada,1992,26342.88426,77.95,28523502.0
Americas,Canada,1997,28954.92589,78.61,30305843.0
Americas,Canada,2002,33328.96507,79.77,31902268.0
Americas,Canada,2007,36319.23501,80.653,33390141.0
Americas,Chile,1952,3939.978789,54.745,6377619.0
Americas,Chile,1957,4315.622723,56.074,7048426.0
Americas,Chile,1962,4519.094331,57.924,7961258.0
Americas,Chile,1967,5106.654313,60.523,8858908.0
Americas,Chile,1972,5494.024437,63.441,9717524.0
Americas,Chile,1977,4756.763836,67.052,10599793.0
Americas,Chile,1982,5095.665738,70.565,11487112.0
Americas,Chile,1987,5547.063754,72.492,12463354.0
Americas,Chile,1992,7596.125964,74.126,13572994.0
Americas,Chile,1997,10118.05318,75.816,14599929.0
Americas,Chile,2002,10778.78385,77.86,15497046.0
Americas,Chile,2007,13171.63885,78.553,16284741.0
Americas,Colombia,1952,2144.115096,50.643,12350771.0
Americas,Colombia,1957,2323.805581,55.118,14485993.0
Americas,Colombia,1962,2492.351109,57.863,17009885.0
Americas,Colombia,1967,2678.729839,59.963,19764027.0
Americas,Colombia,1972,3264.660041,61.623,22542890.0
Americas,Colombia,1977,3815.80787,63.837,25094412.0
Americas,Colombia,1982,4397.575659,66.653,27764644.0
Americas,Colombia,1987,4903.2191,67.768,30964245.0
Americas,Colombia,1992,5444.648617,68.421,34202721.0
Americas,Colombia,1997,6117.361746,70.313,37657830.0
Americas,Colombia,2002,5755.259962,71.682,41008227.0
Americas,Colombia,2007,7006.580419,72.889,44227550.0
Americas,Costa Rica,1952,2627.009471,57.206,926317.0
Americas,Costa Rica,1957,2990.010802,60.026,1112300.0
Americas,Costa Rica,1962,3460.937025,62.842,1345187.0
Americas,Costa Rica,1967,4161.727834,65.424,1588717.0
Americas,Costa Rica,1972,5118.146939,67.849,1834796.0
Americas,Costa Rica,1977,5926.876967,70.75,2108457.0
Americas,Costa Rica,1982,5262.734751,73.45,2424367.0
Americas,Costa Rica,1987,5629.915318,74.752,2799811.0
Americas,Costa Rica,1992,6160.416317,75.713,3173216.0
Americas,Costa Rica,1997,6677.045314,77.26,3518107.0
Americas,Costa Rica,2002,7723.447195,78.123,3834934.0
Americas,Costa Rica,2007,9645.06142,78.782,4133884.0
Americas,Cuba,1952,5586.53878,59.421,6007797.0
Americas,Cuba,1957,6092.174359,62.325,6640752.0
Americas,Cuba,1962,5180.75591,65.246,7254373.0
Americas,Cuba,1967,5690.268015,68.29,8139332.0
Americas,Cuba,1972,5305.445256,70.723,8831348.0
Americas,Cuba,1977,6380.494966,72.649,9537988.0
Americas,Cuba,1982,7316.918107,73.717,9789224.0
Americas,Cuba,1987,7532.924763,74.174,10239839.0
Americas,Cuba,1992,5592.843963,74.414,10723260.0
Americas,Cuba,1997,5431.990415,76.151,10983007.0
Americas,Cuba,2002,6340.646683,77.158,11226999.0
Americas,Cuba,2007,8948.102923,78.273,11416987.0
Americas,Dominican Republic,1952,1397.717137,45.928,2491346.0
Americas,Dominican Republic,1957,1544.402995,49.828,2923186.0
Americas,Dominican Republic,1962,1662.137359,53.459,3453434.0
Americas,Dominican Republic,1967,1653.723003,56.751,4049146.0
Americas,Dominican Republic,1972,2189.874499,59.631,4671329.0
Americas,Dominican Republic,1977,2681.9889,61.788,5302800.0
Americas,Dominican Republic,1982,2861.092386,63.727,5968349.0
Americas,Dominican Republic,1987,2899.842175,66.046,6655297.0
Americas,Dominican Republic,1992,3044.214214,68.457,7351181.0
Americas,Dominican Republic,1997,3614.101285,69.957,7992357.0
Americas,Dominican Republic,2002,4563.808154,70.847,8650322.0
Americas,Dominican Republic,2007,6025.374752,72.235,9319622.0
Americas,Ecuador,1952,3522.110717,48.357,3548753.0
Americas,Ecuador,1957,3780.546651,51.356,4058385.0
Americas,Ecuador,1962,4086.114078,54.64,4681707.0
Americas,Ecuador,1967,4579.074215,56.678,5432424.0
Americas,Ecuador,1972,5280.99471,58.796,6298651.0
Americas,Ecuador,1977,6679.62326,61.31,7278866.0
Americas,Ecuador,1982,7213.791267,64.342,8365850.0
Americas,Ecuador,1987,6481.776993,67.231,9545158.0
Americas,Ecuador,1992,7103.702595,69.613,10748394.0
Americas,Ecuador,1997,7429.455877,72.312,11911819.0
Americas,Ecuador,2002,5773.044512,74.173,12921234.0
Americas,Ecuador,2007,6873.262326,74.994,13755680.0
Americas,El Salvador,1952,3048.3029,45.262,2042865.0
Americas,El Salvador,1957,3421.523218,48.57,2355805.0
Americas,El Salvador,1962,3776.803627,52.307,2747687.0
Americas,El Salvador,1967,4358.595393,55.855,3232927.0
Americas,El Salvador,1972,4520.246008,58.207,3790903.0
Americas,El Salvador,1977,5138.922374,56.696,4282586.0
Americas,El Salvador,1982,4098.344175,56.604,4474873.0
Americas,El Salvador,1987,4140.442097,63.154,4842194.0
Americas,El Salvador,1992,4444.2317,66.798,5274649.0
Americas,El Salvador,1997,5154.825496,69.535,5783439.0
Americas,El Salvador,2002,5351.568666,70.734,6353681.0
Americas,El Salvador,2007,5728.353514,71.878,6939688.0
Americas,Guatemala,1952,2428.237769,42.023,3146381.0
Americas,Guatemala,1957,2617.155967,44.142,3640876.0
Americas,Guatemala,1962,2750.364446,46.954,4208858.0
Americas,Guatemala,1967,3242.531147,50.016,4690773.0
Americas,Guatemala,1972,4031.408271,53.738,5149581.0
Americas,Guatemala,1977,4879.992748,56.029,5703430.0
Americas,Guatemala,1982,4820.49479,58.137,6395630.0
Americas,Guatemala,1987,4246.485974,60.782,7326406.0
Americas,Guatemala,1992,4439.45084,63.373,8486949.0
Americas,Guatemala,1997,4684.313807,66.322,9803875.0
Americas,Guatemala,2002,4858.347495,68.978,11178650.0
Americas,Guatemala,2007,5186.050003,70.259,12572928.0
Americas,Haiti,1952,1840.366939,37.579,3201488.0
Americas,Haiti,1957,1726.887882,40.696,3507701.0
Americas,Haiti,1962,1796.589032,43.59,3880130.0
Americas,Haiti,1967,1452.057666,46.243,4318137.0
Americas,Haiti,1972,1654.456946,48.042,4698301.0
Americas,Haiti,1977,1874.298931,49.923,4908554.0
Americas,Haiti,1982,2011.159549,51.461,5198399.0
Americas,Haiti,1987,1823.015995,53.636,5756203.0
Americas,Haiti,1992,1456.309517,55.089,6326682.0
Americas,Haiti,1997,1341.726931,56.671,6913545.0
Americas,Haiti,2002,1270.364932,58.137,7607651.0
Americas,Haiti,2007,1201.637154,60.916,8502814.0
Americas,Honduras,1952,2194.926204,41.912,1517453.0
Americas,Honduras,1957,2220.487682,44.665,1770390.0
Americas,Honduras,1962,2291.156835,48.041,2090162.0
Americas,Honduras,1967,2538.269358,50.924,2500689.0
Americas,Honduras,1972,2529.842345,53.884,2965146.0
Americas,Honduras,1977,3203.208066,57.402,3055235.0
Americas,Honduras,1982,3121.760794,60.909,3669448.0
Americas,Honduras,1987,3023.096699,64.492,4372203.0
Americas,Honduras,1992,3081.694603,66.399,5077347.0
Americas,Honduras,1997,3160.454906,67.659,5867957.0
Americas,Honduras,2002,3099.72866,68.565,6677328.0
Americas,Honduras,2007,3548.330846,70.198,7483763.0
Americas,Jamaica,1952,2898.530881,58.53,1426095.0
Americas,Jamaica,1957,4756.525781,62.61,1535090.0
Americas,Jamaica,1962,5246.107524,65.61,1665128.0
Americas,Jamaica,1967,6124.703451,67.51,1861096.0
Americas,Jamaica,1972,7433.889293,69.0,1997616.0
Americas,Jamaica,1977,6650.195573,70.11,2156814.0
Americas,Jamaica,1982,6068.05135,71.21,2298309.0
Americas,Jamaica,1987,6351.237495,71.77,2326606.0
Americas,Jamaica,1992,7404.923685,71.766,2378618.0
Americas,Jamaica,1997,7121.924704,72.262,2531311.0
Americas,Jamaica,2002,6994.774861,72.047,2664659.0
Americas,Jamaica,2007,7320.880262,72.567,2780132.0
Americas,Mexico,1952,3478.125529,50.789,30144317.0
Americas,Mexico,1957,4131.546641,55.19,35015548.0
Americas,Mexico,1962,4581.609385,58.299,41121485.0
Americas,Mexico,1967,5754.733883,60.11,47995559.0
Americas,Mexico,1972,6809.40669,62.361,55984294.0
Americas,Mexico,1977,7674.929108,65.032,63759976.0
Americas,Mexico,1982,9611.147541,67.405,71640904.0
Americas,Mexico,1987,8688.156003,69.498,80122492.0
Americas,Mexico,1992,9472.384295,71.455,88111030.0
Americas,Mexico,1997,9767.29753,73.67,95895146.0
Americas,Mexico,2002,10742.44053,74.902,102479927.0
Americas,Mexico,2007,11977.57496,76.195,108700891.0
Americas,Nicaragua,1952,3112.363948,42.314,1165790.0
Americas,Nicaragua,1957,3457.415947,45.432,1358828.0
Americas,Nicaragua,1962,3634.364406,48.632,1590597.0
Americas,Nicaragua,1967,4643.393534,51.884,1865490.0
Americas,Nicaragua,1972,4688.593267,55.151,2182908.0
Americas,Nicaragua,1977,5486.371089,57.47,2554598.0
Americas,Nicaragua,1982,3470.338156,59.298,2979423.0
Americas,Nicaragua,1987,2955.984375,62.008,3344353.0
Americas,Nicaragua,1992,2170.151724,65.843,4017939.0
Americas,Nicaragua,1997,2253.023004,68.426,4609572.0
Americas,Nicaragua,2002,2474.548819,70.836,5146848.0
Americas,Nicaragua,2007,2749.320965,72.899,5675356.0
Americas,Panama,1952,2480.380334,55.191,940080.0
Americas,Panama,1957,2961.800905,59.201,1063506.0
Americas,Panama,1962,3536.540301,61.817,1215725.0
Americas,Panama,1967,4421.009084,64.071,1405486.0
Americas,Panama,1972,5364.249663,66.216,1616384.0
Americas,Panama,1977,5351.912144,68.681,1839782.0
Americas,Panama,1982,7009.601598,70.472,2036305.0
Americas,Panama,1987,7034.779161,71.523,2253639.0
Americas,Panama,1992,6618.74305,72.462,2484997.0
Americas,Panama,1997,7113.692252,73.738,2734531.0
Americas,Panama,2002,7356.031934,74.712,2990875.0
Americas,Panama,2007,9809.185636,75.537,3242173.0
Americas,Paraguay,1952,1952.308701,62.649,1555876.0
Americas,Paraguay,1957,2046.154706,63.196,1770902.0
Americas,Paraguay,1962,2148.027146,64.361,2009813.0
Americas,Paraguay,1967,2299.376311,64.951,2287985.0
Americas,Paraguay,1972,2523.337977,65.815,2614104.0
Americas,Paraguay,1977,3248.373311,66.353,2984494.0
Americas,Paraguay,1982,4258.503604,66.874,3366439.0
Americas,Paraguay,1987,3998.875695,67.378,3886512.0
Americas,Paraguay,1992,4196.411078,68.225,4483945.0
Americas,Paraguay,1997,4247.400261,69.4,5154123.0
Americas,Paraguay,2002,3783.674243,70.755,5884491.0
Americas,Paraguay,2007,4172.838464,71.752,6667147.0
Americas,Peru,1952,3758.523437,43.902,8025700.0
Americas,Peru,1957,4245.256698,46.263,9146100.0
Americas,Peru,1962,4957.037982,49.096,10516500.0
Americas,Peru,1967,5788.09333,51.445,12132200.0
Americas,Peru,1972,5937.827283,55.448,13954700.0
Americas,Peru,1977,6281.290855,58.447,15990099.0
Americas,Peru,1982,6434.501797,61.406,18125129.0
Americas,Peru,1987,6360.943444,64.134,20195924.0
Americas,Peru,1992,4446.380924,66.458,22430449.0
Americas,Peru,1997,5838.347657,68.386,24748122.0
Americas,Peru,2002,5909.020073,69.906,26769436.0
Americas,Peru,2007,7408.905561,71.421,28674757.0
Americas,Puerto Rico,1952,3081.959785,64.28,2227000.0
Americas,Puerto Rico,1957,3907.156189,68.54,2260000.0
Americas,Puerto Rico,1962,5108.34463,69.62,2448046.0
Americas,Puerto Rico,1967,6929.277714,71.1,2648961.0
Americas,Puerto Rico,1972,9123.041742,72.16,2847132.0
Americas,Puerto Rico,1977,9770.524921,73.44,3080828.0
Americas,Puerto Rico,1982,10330.98915,73.75,3279001.0
Americas,Puerto Rico,1987,12281.34191,74.63,3444468.0
Americas,Puerto Rico,1992,14641.58711,73.911,3585176.0
Americas,Puerto Rico,1997,16999.4333,74.917,3759430.0
Americas,Puerto Rico,2002,18855.60618,77.778,3859606.0
Americas,Puerto Rico,2007,19328.70901,78.746,3942491.0
Americas,Trinidad and Tobago,1952,3023.271928,59.1,662850.0
Americas,Trinidad and Tobago,1957,4100.3934,61.8,764900.0
Americas,Trinidad and Tobago,1962,4997.523971,64.9,887498.0
Americas,Trinidad and Tobago,1967,5621.368472,65.4,960155.0
Americas,Trinidad and Tobago,1972,6619.551419,65.9,975199.0
Americas,Trinidad and Tobago,1977,7899.554209,68.3,1039009.0
Americas,Trinidad and Tobago,1982,9119.528607,68.832,1116479.0
Americas,Trinidad and Tobago,1987,7388.597823,69.582,1191336.0
Americas,Trinidad and Tobago,1992,7370.990932,69.862,1183669.0
Americas,Trinidad and Tobago,1997,8792.573126,69.465,1138101.0
Americas,Trinidad and Tobago,2002,11460.60023,68.976,1101832.0
Americas,Trinidad and Tobago,2007,18008.50924,69.819,1056608.0
Americas,United States,1952,13990.48208,68.44,157553000.0
Americas,United States,1957,14847.12712,69.49,171984000.0
Americas,United States,1962,16173.14586,70.21,186538000.0
Americas,United States,1967,19530.36557,70.76,198712000.0
Americas,United States,1972,21806.03594,71.34,209896000.0
Americas,United States,1977,24072.63213,73.38,220239000.0
Americas,United States,1982,25009.55914,74.65,232187835.0
Americas,United States,1987,29884.35041,75.02,242803533.0
Americas,United States,1992,32003.93224,76.09,256894189.0
Americas,United States,1997,35767.43303,76.81,272911760.0
Americas,United States,2002,39097.09955,77.31,287675526.0
Americas,United States,2007,42951.65309,78.242,301139947.0
Americas,Uruguay,1952,5716.766744,66.071,2252965.0
Americas,Uruguay,1957,6150.772969,67.044,2424959.0
Americas,Uruguay,1962,5603.357717,68.253,2598466.0
Americas,Uruguay,1967,5444.61962,68.468,2748579.0
Americas,Uruguay,1972,5703.408898,68.673,2829526.0
Americas,Uruguay,1977,6504.339663,69.481,2873520.0
Americas,Uruguay,1982,6920.223051,70.805,2953997.0
Americas,Uruguay,1987,7452.398969,71.918,3045153.0
Americas,Uruguay,1992,8137.004775,72.752,3149262.0
Americas,Uruguay,1997,9230.240708,74.223,3262838.0
Americas,Uruguay,2002,7727.002004,75.307,3363085.0
Americas,Uruguay,2007,10611.46299,76.384,3447496.0
Americas,Venezuela,1952,7689.799761,55.088,5439568.0
Americas,Venezuela,1957,9802.466526,57.907,6702668.0
Americas,Venezuela,1962,8422.974165,60.77,8143375.0
Americas,Venezuela,1967,9541.474188,63.479,9709552.0
Americas,Venezuela,1972,10505.25966,65.712,11515649.0
Americas,Venezuela,1977,13143.95095,67.456,13503563.0
Americas,Venezuela,1982,11152.41011,68.557,15620766.0
Americas,Venezuela,1987,9883.584648,70.19,17910182.0
Americas,Venezuela,1992,10733.92631,71.15,20265563.0
Americas,Venezuela,1997,10165.49518,72.146,22374398.0
Americas,Venezuela,2002,8605.047831,72.766,24287670.0
Americas,Venezuela,2007,11415.80569,73.747,26084662.0
Asia,Afghanistan,1952,779.4453145,28.801,8425333.0
Asia,Afghanistan,1957,820.8530296,30.332,9240934.0
Asia,Afghanistan,1962,853.10071,31.997,10267083.0
Asia,Afghanistan,1967,836.1971382,34.02,11537966.0
Asia,Afghanistan,1972,739.9811058,36.088,13079460.0
Asia,Afghanistan,1977,786.11336,38.438,14880372.0
Asia,Afghanistan,1982,978.0114388,39.854,12881816.0
Asia,Afghanistan,1987,852.3959448,40.822,13867957.0
Asia,Afghanistan,1992,649.3413952,41.674,16317921.0
Asia,Afghanistan,1997,635.341351,41.763,22227415.0
Asia,Afghanistan,2002,726.7340548,42.129,25268405.0
Asia,Afghanistan,2007,974.5803384,43.828,31889923.0
Asia,Bahrain,1952,9867.084765,50.939,120447.0
Asia,Bahrain,1957,11635.79945,53.832,138655.0
Asia,Bahrain,1962,12753.27514,56.923,171863.0
Asia,Bahrain,1967,14804.6727,59.923,202182.0
Asia,Bahrain,1972,18268.65839,63.3,230800.0
Asia,Bahrain,1977,19340.10196,65.593,297410.0
Asia,Bahrain,1982,19211.14731,69.052,377967.0
Asia,Bahrain,1987,18524.02406,70.75,454612.0
Asia,Bahrain,1992,19035.57917,72.601,529491.0
Asia,Bahrain,1997,20292.01679,73.925,598561.0
Asia,Bahrain,2002,23403.55927,74.795,656397.0
Asia,Bahrain,2007,29796.04834,75.635,708573.0
Asia,Bangladesh,1952,684.2441716,37.484,46886859.0
Asia,Bangladesh,1957,661.6374577,39.348,51365468.0
Asia,Bangladesh,1962,686.3415538,41.216,56839289.0
Asia,Bangladesh,1967,721.1860862,43.453,62821884.0
Asia,Bangladesh,1972,630.2336265,45.252,70759295.0
Asia,Bangladesh,1977,659.8772322,46.923,80428306.0
Asia,Bangladesh,1982,676.9818656,50.009,93074406.0
Asia,Bangladesh,1987,751.9794035,52.819,103764241.0
Asia,Bangladesh,1992,837.8101643,56.018,113704579.0
Asia,Bangladesh,1997,972.7700352,59.412,123315288.0
Asia,Bangladesh,2002,1136.39043,62.013,135656790.0
Asia,Bangladesh,2007,1391.253792,64.062,150448339.0
Asia,Cambodia,1952,368.4692856,39.417,4693836.0
Asia,Cambodia,1957,434.0383364,41.366,5322536.0
Asia,Cambodia,1962,496.9136476,43.415,6083619.0
Asia,Cambodia,1967,523.4323142,45.415,6960067.0
Asia,Cambodia,1972,421.6240257,40.317,7450606.0
Asia,Cambodia,1977,524.9721832,31.22,6978607.0
Asia,Cambodia,1982,624.4754784,50.957,7272485.0
Asia,Cambodia,1987,683.8955732,53.914,8371791.0
Asia,Cambodia,1992,682.3031755,55.803,10150094.0
Asia,Cambodia,1997,734.28517,56.534,11782962.0
Asia,Cambodia,2002,896.2260153,56.752,12926707.0
Asia,Cambodia,2007,1713.778686,59.723,14131858.0
Asia,China,1952,400.448610699994,44.0,556263527.999989
Asia,China,1957,575.9870009,50.54896,637408000.0
Asia,China,1962,487.6740183,44.50136,665770000.0
Asia,China,1967,612.7056934,58.38112,754550000.0
Asia,China,1972,676.9000921,63.11888,862030000.0
Asia,China,1977,741.2374699,63.96736,943455000.0
Asia,China,1982,962.4213805,65.525,1000281000.0
Asia,China,1987,1378.904018,67.274,1084035000.0
Asia,China,1992,1655.784158,68.69,1164970000.0
Asia,China,1997,2289.234136,70.426,1230075000.0
Asia,China,2002,3119.280896,72.028,1280400000.0
Asia,China,2007,4959.114854,72.961,1318683096.0
Asia,Hong Kong China,1952,3054.421209,60.96,2125900.0
Asia,Hong Kong China,1957,3629.076457,64.75,2736300.0
Asia,Hong Kong China,1962,4692.648272,67.65,3305200.0
Asia,Hong Kong China,1967,6197.962814,70.0,3722800.0
Asia,Hong Kong China,1972,8315.928145,72.0,4115700.0
Asia,Hong Kong China,1977,11186.14125,73.6,4583700.0
Asia,Hong Kong China,1982,14560.53051,75.45,5264500.0
Asia,Hong Kong China,1987,20038.47269,76.2,5584510.0
Asia,Hong Kong China,1992,24757.60301,77.601,5829696.0
Asia,Hong Kong China,1997,28377.63219,80.0,6495918.0
Asia,Hong Kong China,2002,30209.01516,81.495,6762476.0
Asia,Hong Kong China,2007,39724.97867,82.208,6980412.0
Asia,India,1952,546.5657493,37.373,372000000.0
Asia,India,1957,590.061996,40.249,409000000.0
Asia,India,1962,658.3471509,43.605,454000000.0
Asia,India,1967,700.7706107,47.193,506000000.0
Asia,India,1972,724.032527,50.651,567000000.0
Asia,India,1977,813.337323,54.208,634000000.0
Asia,India,1982,855.7235377,56.596,708000000.0
Asia,India,1987,976.5126756,58.553,788000000.0
Asia,India,1992,1164.406809,60.223,872000000.0
Asia,India,1997,1458.817442,61.765,959000000.0
Asia,India,2002,1746.769454,62.879,1034172547.0
Asia,India,2007,2452.210407,64.698,1110396331.0
Asia,Indonesia,1952,749.6816546,37.468,82052000.0
Asia,Indonesia,1957,858.9002707,39.918,90124000.0
Asia,Indonesia,1962,849.2897701,42.518,99028000.0
Asia,Indonesia,1967,762.4317721,45.964,109343000.0
Asia,Indonesia,1972,1111.107907,49.203,121282000.0
Asia,Indonesia,1977,1382.702056,52.702,136725000.0
Asia,Indonesia,1982,1516.872988,56.159,153343000.0
Asia,Indonesia,1987,1748.356961,60.137,169276000.0
Asia,Indonesia,1992,2383.140898,62.681,184816000.0
Asia,Indonesia,1997,3119.335603,66.041,199278000.0
Asia,Indonesia,2002,2873.91287,68.588,211060000.0
Asia,Indonesia,2007,3540.651564,70.65,223547000.0
Asia,Iran,1952,3035.326002,44.869,17272000.0
Asia,Iran,1957,3290.257643,47.181,19792000.0
Asia,Iran,1962,4187.329802,49.325,22874000.0
Asia,Iran,1967,5906.731805,52.469,26538000.0
Asia,Iran,1972,9613.818607,55.234,30614000.0
Asia,Iran,1977,11888.59508,57.702,35480679.0
Asia,Iran,1982,7608.334602,59.62,43072751.0
Asia,Iran,1987,6642.881371,63.04,51889696.0
Asia,Iran,1992,7235.653188,65.742,60397973.0
Asia,Iran,1997,8263.590301,68.042,63327987.0
Asia,Iran,2002,9240.761975,69.451,66907826.0
Asia,Iran,2007,11605.71449,70.964,69453570.0
Asia,Iraq,1952,4129.766056,45.32,5441766.0
Asia,Iraq,1957,6229.333562,48.437,6248643.0
Asia,Iraq,1962,8341.737815,51.457,7240260.0
Asia,Iraq,1967,8931.459811,54.459,8519282.0
Asia,Iraq,1972,9576.037596,56.95,10061506.0
Asia,Iraq,1977,14688.23507,60.413,11882916.0
Asia,Iraq,1982,14517.90711,62.038,14173318.0
Asia,Iraq,1987,11643.57268,65.044,16543189.0
Asia,Iraq,1992,3745.640687,59.461,17861905.0
Asia,Iraq,1997,3076.239795,58.811,20775703.0
Asia,Iraq,2002,4390.717312,57.046,24001816.0
Asia,Iraq,2007,4471.061906,59.545,27499638.0
Asia,Israel,1952,4086.522128,65.39,1620914.0
Asia,Israel,1957,5385.278451,67.84,1944401.0
Asia,Israel,1962,7105.630706,69.39,2310904.0
Asia,Israel,1967,8393.741404,70.75,2693585.0
Asia,Israel,1972,12786.93223,71.63,3095893.0
Asia,Israel,1977,13306.61921,73.06,3495918.0
Asia,Israel,1982,15367.0292,74.45,3858421.0
Asia,Israel,1987,17122.47986,75.6,4203148.0
Asia,Israel,1992,18051.52254,76.93,4936550.0
Asia,Israel,1997,20896.60924,78.269,5531387.0
Asia,Israel,2002,21905.59514,79.696,6029529.0
Asia,Israel,2007,25523.2771,80.745,6426679.0
Asia,Japan,1952,3216.956347,63.03,86459025.0
Asia,Japan,1957,4317.694365,65.5,91563009.0
Asia,Japan,1962,6576.649461,68.73,95831757.0
Asia,Japan,1967,9847.788607,71.43,100825279.0
Asia,Japan,1972,14778.78636,73.42,107188273.0
Asia,Japan,1977,16610.37701,75.38,113872473.0
Asia,Japan,1982,19384.10571,77.11,118454974.0
Asia,Japan,1987,22375.94189,78.67,122091325.0
Asia,Japan,1992,26824.89511,79.36,124329269.0
Asia,Japan,1997,28816.58499,80.69,125956499.0
Asia,Japan,2002,28604.5919,82.0,127065841.0
Asia,Japan,2007,31656.06806,82.603,127467972.0
Asia,Jordan,1952,1546.907807,43.158,607914.0
Asia,Jordan,1957,1886.080591,45.669,746559.0
Asia,Jordan,1962,2348.009158,48.126,933559.0
Asia,Jordan,1967,2741.796252,51.629,1255058.0
Asia,Jordan,1972,2110.856309,56.528,1613551.0
Asia,Jordan,1977,2852.351568,61.134,1937652.0
Asia,Jordan,1982,4161.415959,63.739,2347031.0
Asia,Jordan,1987,4448.679912,65.869,2820042.0
Asia,Jordan,1992,3431.593647,68.015,3867409.0
Asia,Jordan,1997,3645.379572,69.772,4526235.0
Asia,Jordan,2002,3844.917194,71.263,5307470.0
Asia,Jordan,2007,4519.461171,72.535,6053193.0
Asia,Korea Dem. Rep.,1952,1088.277758,50.056,8865488.0
Asia,Korea Dem. Rep.,1957,1571.134655,54.081,9411381.0
Asia,Korea Dem. Rep.,1962,1621.693598,56.656,10917494.0
Asia,Korea Dem. Rep.,1967,2143.540609,59.942,12617009.0
Asia,Korea Dem. Rep.,1972,3701.621503,63.983,14781241.0
Asia,Korea Dem. Rep.,1977,4106.301249,67.159,16325320.0
Asia,Korea Dem. Rep.,1982,4106.525293,69.1,17647518.0
Asia,Korea Dem. Rep.,1987,4106.492315,70.647,19067554.0
Asia,Korea Dem. Rep.,1992,3726.063507,69.978,20711375.0
Asia,Korea Dem. Rep.,1997,1690.756814,67.727,21585105.0
Asia,Korea Dem. Rep.,2002,1646.758151,66.662,22215365.0
Asia,Korea Dem. Rep.,2007,1593.06548,67.297,23301725.0
Asia,Korea Rep.,1952,1030.592226,47.453,20947571.0
Asia,Korea Rep.,1957,1487.593537,52.681,22611552.0
Asia,Korea Rep.,1962,1536.344387,55.292,26420307.0
Asia,Korea Rep.,1967,2029.228142,57.716,30131000.0
Asia,Korea Rep.,1972,3030.87665,62.612,33505000.0
Asia,Korea Rep.,1977,4657.22102,64.766,36436000.0
Asia,Korea Rep.,1982,5622.942464,67.123,39326000.0
Asia,Korea Rep.,1987,8533.088805,69.81,41622000.0
Asia,Korea Rep.,1992,12104.27872,72.244,43805450.0
Asia,Korea Rep.,1997,15993.52796,74.647,46173816.0
Asia,Korea Rep.,2002,19233.98818,77.045,47969150.0
Asia,Korea Rep.,2007,23348.13973,78.623,49044790.0
Asia,Kuwait,1952,108382.3529,55.565,160000.0
Asia,Kuwait,1957,113523.1329,58.033,212846.0
Asia,Kuwait,1962,95458.11176,60.47,358266.0
Asia,Kuwait,1967,80894.88326,64.624,575003.0
Asia,Kuwait,1972,109347.867,67.712,841934.0
Asia,Kuwait,1977,59265.47714,69.343,1140357.0
Asia,Kuwait,1982,31354.03573,71.309,1497494.0
Asia,Kuwait,1987,28118.42998,74.174,1891487.0
Asia,Kuwait,1992,34932.91959,75.19,1418095.0
Asia,Kuwait,1997,40300.61996,76.156,1765345.0
Asia,Kuwait,2002,35110.10566,76.904,2111561.0
Asia,Kuwait,2007,47306.98978,77.588,2505559.0
Asia,Lebanon,1952,4834.804067,55.928,1439529.0
Asia,Lebanon,1957,6089.786934,59.489,1647412.0
Asia,Lebanon,1962,5714.560611,62.094,1886848.0
Asia,Lebanon,1967,6006.983042,63.87,2186894.0
Asia,Lebanon,1972,7486.384341,65.421,2680018.0
Asia,Lebanon,1977,8659.696836,66.099,3115787.0
Asia,Lebanon,1982,7640.519521,66.983,3086876.0
Asia,Lebanon,1987,5377.091329,67.926,3089353.0
Asia,Lebanon,1992,6890.806854,69.292,3219994.0
Asia,Lebanon,1997,8754.96385,70.265,3430388.0
Asia,Lebanon,2002,9313.93883,71.028,3677780.0
Asia,Lebanon,2007,10461.05868,71.993,3921278.0
Asia,Malaysia,1952,1831.132894,48.463,6748378.0
Asia,Malaysia,1957,1810.066992,52.102,7739235.0
Asia,Malaysia,1962,2036.884944,55.737,8906385.0
Asia,Malaysia,1967,2277.742396,59.371,10154878.0
Asia,Malaysia,1972,2849.09478,63.01,11441462.0
Asia,Malaysia,1977,3827.921571,65.256,12845381.0
Asia,Malaysia,1982,4920.355951,68.0,14441916.0
Asia,Malaysia,1987,5249.802653,69.5,16331785.0
Asia,Malaysia,1992,7277.912802,70.693,18319502.0
Asia,Malaysia,1997,10132.90964,71.938,20476091.0
Asia,Malaysia,2002,10206.97794,73.044,22662365.0
Asia,Malaysia,2007,12451.6558,74.241,24821286.0
Asia,Mongolia,1952,786.5668575,42.244,800663.0
Asia,Mongolia,1957,912.6626085,45.248,882134.0
Asia,Mongolia,1962,1056.353958,48.251,1010280.0
Asia,Mongolia,1967,1226.04113,51.253,1149500.0
Asia,Mongolia,1972,1421.741975,53.754,1320500.0
Asia,Mongolia,1977,1647.511665,55.491,1528000.0
Asia,Mongolia,1982,2000.603139,57.489,1756032.0
Asia,Mongolia,1987,2338.008304,60.222,2015133.0
Asia,Mongolia,1992,1785.402016,61.271,2312802.0
Asia,Mongolia,1997,1902.2521,63.625,2494803.0
Asia,Mongolia,2002,2140.739323,65.033,2674234.0
Asia,Mongolia,2007,3095.772271,66.803,2874127.0
Asia,Myanmar,1952,331.0,36.319,20092996.0
Asia,Myanmar,1957,350.0,41.905,21731844.0
Asia,Myanmar,1962,388.0,45.108,23634436.0
Asia,Myanmar,1967,349.0,49.379,25870271.0
Asia,Myanmar,1972,357.0,53.07,28466390.0
Asia,Myanmar,1977,371.0,56.059,31528087.0
Asia,Myanmar,1982,424.0,58.056,34680442.0
Asia,Myanmar,1987,385.0,58.339,38028578.0
Asia,Myanmar,1992,347.0,59.32,40546538.0
Asia,Myanmar,1997,415.0,60.328,43247867.0
Asia,Myanmar,2002,611.0,59.908,45598081.0
Asia,Myanmar,2007,944.0,62.069,47761980.0
Asia,Nepal,1952,545.8657229,36.157,9182536.0
Asia,Nepal,1957,597.9363558,37.686,9682338.0
Asia,Nepal,1962,652.3968593,39.393,10332057.0
Asia,Nepal,1967,676.4422254,41.472,11261690.0
Asia,Nepal,1972,674.7881296,43.971,12412593.0
Asia,Nepal,1977,694.1124398,46.748,13933198.0
Asia,Nepal,1982,718.3730947,49.594,15796314.0
Asia,Nepal,1987,775.6324501,52.537,17917180.0
Asia,Nepal,1992,897.7403604,55.727,20326209.0
Asia,Nepal,1997,1010.892138,59.426,23001113.0
Asia,Nepal,2002,1057.206311,61.34,25873917.0
Asia,Nepal,2007,1091.359778,63.785,28901790.0
Asia,Oman,1952,1828.230307,37.578,507833.0
Asia,Oman,1957,2242.746551,40.08,561977.0
Asia,Oman,1962,2924.638113,43.165,628164.0
Asia,Oman,1967,4720.942687,46.988,714775.0
Asia,Oman,1972,10618.03855,52.143,829050.0
Asia,Oman,1977,11848.34392,57.367,1004533.0
Asia,Oman,1982,12954.79101,62.728,1301048.0
Asia,Oman,1987,18115.22313,67.734,1593882.0
Asia,Oman,1992,18616.70691,71.197,1915208.0
Asia,Oman,1997,19702.05581,72.499,2283635.0
Asia,Oman,2002,19774.83687,74.193,2713462.0
Asia,Oman,2007,22316.19287,75.64,3204897.0
Asia,Pakistan,1952,684.5971438,43.436,41346560.0
Asia,Pakistan,1957,747.0835292,45.557,46679944.0
Asia,Pakistan,1962,803.3427418,47.67,53100671.0
Asia,Pakistan,1967,942.4082588,49.8,60641899.0
Asia,Pakistan,1972,1049.938981,51.929,69325921.0
Asia,Pakistan,1977,1175.921193,54.043,78152686.0
Asia,Pakistan,1982,1443.429832,56.158,91462088.0
Asia,Pakistan,1987,1704.686583,58.245,105186881.0
Asia,Pakistan,1992,1971.829464,60.838,120065004.0
Asia,Pakistan,1997,2049.350521,61.818,135564834.0
Asia,Pakistan,2002,2092.712441,63.61,153403524.0
Asia,Pakistan,2007,2605.94758,65.483,169270617.0
Asia,Philippines,1952,1272.880995,47.752,22438691.0
Asia,Philippines,1957,1547.944844,51.334,26072194.0
Asia,Philippines,1962,1649.552153,54.757,30325264.0
Asia,Philippines,1967,1814.12743,56.393,35356600.0
Asia,Philippines,1972,1989.37407,58.065,40850141.0
Asia,Philippines,1977,2373.204287,60.06,46850962.0
Asia,Philippines,1982,2603.273765,62.082,53456774.0
Asia,Philippines,1987,2189.634995,64.151,60017788.0
Asia,Philippines,1992,2279.324017,66.458,67185766.0
Asia,Philippines,1997,2536.534925,68.564,75012988.0
Asia,Philippines,2002,2650.921068,70.303,82995088.0
Asia,Philippines,2007,3190.481016,71.688,91077287.0
Asia,Saudi Arabia,1952,6459.554823,39.875,4005677.0
Asia,Saudi Arabia,1957,8157.591248,42.868,4419650.0
Asia,Saudi Arabia,1962,11626.41975,45.914,4943029.0
Asia,Saudi Arabia,1967,16903.04886,49.901,5618198.0
Asia,Saudi Arabia,1972,24837.42865,53.886,6472756.0
Asia,Saudi Arabia,1977,34167.7626,58.69,8128505.0
Asia,Saudi Arabia,1982,33693.17525,63.012,11254672.0
Asia,Saudi Arabia,1987,21198.26136,66.295,14619745.0
Asia,Saudi Arabia,1992,24841.61777,68.768,16945857.0
Asia,Saudi Arabia,1997,20586.69019,70.533,21229759.0
Asia,Saudi Arabia,2002,19014.54118,71.626,24501530.0
Asia,Saudi Arabia,2007,21654.83194,72.777,27601038.0
Asia,Singapore,1952,2315.138227,60.396,1127000.0
Asia,Singapore,1957,2843.104409,63.179,1445929.0
Asia,Singapore,1962,3674.735572,65.798,1750200.0
Asia,Singapore,1967,4977.41854,67.946,1977600.0
Asia,Singapore,1972,8597.756202,69.521,2152400.0
Asia,Singapore,1977,11210.08948,70.795,2325300.0
Asia,Singapore,1982,15169.16112,71.76,2651869.0
Asia,Singapore,1987,18861.53081,73.56,2794552.0
Asia,Singapore,1992,24769.8912,75.788,3235865.0
Asia,Singapore,1997,33519.4766,77.158,3802309.0
Asia,Singapore,2002,36023.1054,78.77,4197776.0
Asia,Singapore,2007,47143.17964,79.972,4553009.0
Asia,Sri Lanka,1952,1083.53203,57.593,7982342.0
Asia,Sri Lanka,1957,1072.546602,61.456,9128546.0
Asia,Sri Lanka,1962,1074.47196,62.192,10421936.0
Asia,Sri Lanka,1967,1135.514326,64.266,11737396.0
Asia,Sri Lanka,1972,1213.39553,65.042,13016733.0
Asia,Sri Lanka,1977,1348.775651,65.949,14116836.0
Asia,Sri Lanka,1982,1648.079789,68.757,15410151.0
Asia,Sri Lanka,1987,1876.766827,69.011,16495304.0
Asia,Sri Lanka,1992,2153.739222,70.379,17587060.0
Asia,Sri Lanka,1997,2664.477257,70.457,18698655.0
Asia,Sri Lanka,2002,3015.378833,70.815,19576783.0
Asia,Sri Lanka,2007,3970.095407,72.396,20378239.0
Asia,Syria,1952,1643.485354,45.883,3661549.0
Asia,Syria,1957,2117.234893,48.284,4149908.0
Asia,Syria,1962,2193.037133,50.305,4834621.0
Asia,Syria,1967,1881.923632,53.655,5680812.0
Asia,Syria,1972,2571.423014,57.296,6701172.0
Asia,Syria,1977,3195.484582,61.195,7932503.0
Asia,Syria,1982,3761.837715,64.59,9410494.0
Asia,Syria,1987,3116.774285,66.974,11242847.0
Asia,Syria,1992,3340.542768,69.249,13219062.0
Asia,Syria,1997,4014.238972,71.527,15081016.0
Asia,Syria,2002,4090.925331,73.053,17155814.0
Asia,Syria,2007,4184.548089,74.143,19314747.0
Asia,Taiwan,1952,1206.947913,58.5,8550362.0
Asia,Taiwan,1957,1507.86129,62.4,10164215.0
Asia,Taiwan,1962,1822.879028,65.2,11918938.0
Asia,Taiwan,1967,2643.858681,67.5,13648692.0
Asia,Taiwan,1972,4062.523897,69.39,15226039.0
Asia,Taiwan,1977,5596.519826,70.59,16785196.0
Asia,Taiwan,1982,7426.354774,72.16,18501390.0
Asia,Taiwan,1987,11054.56175,73.4,19757799.0
Asia,Taiwan,1992,15215.6579,74.26,20686918.0
Asia,Taiwan,1997,20206.82098,75.25,21628605.0
Asia,Taiwan,2002,23235.42329,76.99,22454239.0
Asia,Taiwan,2007,28718.27684,78.4,23174294.0
Asia,Thailand,1952,757.7974177,50.848,21289402.0
Asia,Thailand,1957,793.5774148,53.63,25041917.0
Asia,Thailand,1962,1002.199172,56.061,29263397.0
Asia,Thailand,1967,1295.46066,58.285,34024249.0
Asia,Thailand,1972,1524.358936,60.405,39276153.0
Asia,Thailand,1977,1961.224635,62.494,44148285.0
Asia,Thailand,1982,2393.219781,64.597,48827160.0
Asia,Thailand,1987,2982.653773,66.084,52910342.0
Asia,Thailand,1992,4616.896545,67.298,56667095.0
Asia,Thailand,1997,5852.625497,67.521,60216677.0
Asia,Thailand,2002,5913.187529,68.564,62806748.0
Asia,Thailand,2007,7458.396327,70.616,65068149.0
Asia,Vietnam,1952,605.0664917,40.412,26246839.0
Asia,Vietnam,1957,676.2854478,42.887,28998543.0
Asia,Vietnam,1962,772.0491602,45.363,33796140.0
Asia,Vietnam,1967,637.1232887,47.838,39463910.0
Asia,Vietnam,1972,699.5016441,50.254,44655014.0
Asia,Vietnam,1977,713.5371196,55.764,50533506.0
Asia,Vietnam,1982,707.2357863,58.816,56142181.0
Asia,Vietnam,1987,820.7994449,62.82,62826491.0
Asia,Vietnam,1992,989.0231487,67.662,69940728.0
Asia,Vietnam,1997,1385.896769,70.672,76048996.0
Asia,Vietnam,2002,1764.456677,73.017,80908147.0
Asia,Vietnam,2007,2441.576404,74.249,85262356.0
Asia,West Bank and Gaza,1952,1515.592329,43.16,1030585.0
Asia,West Bank and Gaza,1957,1827.067742,45.671,1070439.0
Asia,West Bank and Gaza,1962,2198.956312,48.127,1133134.0
Asia,West Bank and Gaza,1967,2649.715007,51.631,1142636.0
Asia,West Bank and Gaza,1972,3133.409277,56.532,1089572.0
Asia,West Bank and Gaza,1977,3682.831494,60.765,1261091.0
Asia,West Bank and Gaza,1982,4336.032082,64.406,1425876.0
Asia,West Bank and Gaza,1987,5107.197384,67.046,1691210.0
Asia,West Bank and Gaza,1992,6017.654756,69.718,2104779.0
Asia,West Bank and Gaza,1997,7110.667619,71.096,2826046.0
Asia,West Bank and Gaza,2002,4515.487575,72.37,3389578.0
Asia,West Bank and Gaza,2007,3025.349798,73.422,4018332.0
Asia,Yemen Rep.,1952,781.7175761,32.548,4963829.0
Asia,Yemen Rep.,1957,804.8304547,33.97,5498090.0
Asia,Yemen Rep.,1962,825.6232006,35.18,6120081.0
Asia,Yemen Rep.,1967,862.4421463,36.984,6740785.0
Asia,Yemen Rep.,1972,1265.047031,39.848,7407075.0
Asia,Yemen Rep.,1977,1829.765177,44.175,8403990.0
Asia,Yemen Rep.,1982,1977.55701,49.113,9657618.0
Asia,Yemen Rep.,1987,1971.741538,52.922,11219340.0
Asia,Yemen Rep.,1992,1879.496673,55.599,13367997.0
Asia,Yemen Rep.,1997,2117.484526,58.02,15826497.0
Asia,Yemen Rep.,2002,2234.820827,60.308,18701257.0
Asia,Yemen Rep.,2007,2280.769906,62.698,22211743.0
Europe,Albania,1952,1601.056136,55.23,1282697.0
Europe,Albania,1957,1942.284244,59.28,1476505.0
Europe,Albania,1962,2312.888958,64.82,1728137.0
Europe,Albania,1967,2760.196931,66.22,1984060.0
Europe,Albania,1972,3313.422188,67.69,2263554.0
Europe,Albania,1977,3533.00391,68.93,2509048.0
Europe,Albania,1982,3630.880722,70.42,2780097.0
Europe,Albania,1987,3738.932735,72.0,3075321.0
Europe,Albania,1992,2497.437901,71.581,3326498.0
Europe,Albania,1997,3193.054604,72.95,3428038.0
Europe,Albania,2002,4604.211737,75.651,3508512.0
Europe,Albania,2007,5937.029526,76.423,3600523.0
Europe,Austria,1952,6137.076492,66.8,6927772.0
Europe,Austria,1957,8842.59803,67.48,6965860.0
Europe,Austria,1962,10750.72111,69.54,7129864.0
Europe,Austria,1967,12834.6024,70.14,7376998.0
Europe,Austria,1972,16661.6256,70.63,7544201.0
Europe,Austria,1977,19749.4223,72.17,7568430.0
Europe,Austria,1982,21597.08362,73.18,7574613.0
Europe,Austria,1987,23687.82607,74.94,7578903.0
Europe,Austria,1992,27042.01868,76.04,7914969.0
Europe,Austria,1997,29095.92066,77.51,8069876.0
Europe,Austria,2002,32417.60769,78.98,8148312.0
Europe,Austria,2007,36126.4927,79.829,8199783.0
Europe,Belgium,1952,8343.105127,68.0,8730405.0
Europe,Belgium,1957,9714.960623,69.24,8989111.0
Europe,Belgium,1962,10991.20676,70.25,9218400.0
Europe,Belgium,1967,13149.04119,70.94,9556500.0
Europe,Belgium,1972,16672.14356,71.44,9709100.0
Europe,Belgium,1977,19117.97448,72.8,9821800.0
Europe,Belgium,1982,20979.84589,73.93,9856303.0
Europe,Belgium,1987,22525.56308,75.35,9870200.0
Europe,Belgium,1992,25575.57069,76.46,10045622.0
Europe,Belgium,1997,27561.19663,77.53,10199787.0
Europe,Belgium,2002,30485.88375,78.32,10311970.0
Europe,Belgium,2007,33692.60508,79.441,10392226.0
Europe,Bosnia and Herzegovina,1952,973.5331948,53.82,2791000.0
Europe,Bosnia and Herzegovina,1957,1353.989176,58.45,3076000.0
Europe,Bosnia and Herzegovina,1962,1709.683679,61.93,3349000.0
Europe,Bosnia and Herzegovina,1967,2172.352423,64.79,3585000.0
Europe,Bosnia and Herzegovina,1972,2860.16975,67.45,3819000.0
Europe,Bosnia and Herzegovina,1977,3528.481305,69.86,4086000.0
Europe,Bosnia and Herzegovina,1982,4126.613157,70.69,4172693.0
Europe,Bosnia and Herzegovina,1987,4314.114757,71.14,4338977.0
Europe,Bosnia and Herzegovina,1992,2546.781445,72.178,4256013.0
Europe,Bosnia and Herzegovina,1997,4766.355904,73.244,3607000.0
Europe,Bosnia and Herzegovina,2002,6018.975239,74.09,4165416.0
Europe,Bosnia and Herzegovina,2007,7446.298803,74.852,4552198.0
Europe,Bulgaria,1952,2444.286648,59.6,7274900.0
Europe,Bulgaria,1957,3008.670727,66.61,7651254.0
Europe,Bulgaria,1962,4254.337839,69.51,8012946.0
Europe,Bulgaria,1967,5577.0028,70.42,8310226.0
Europe,Bulgaria,1972,6597.494398,70.9,8576200.0
Europe,Bulgaria,1977,7612.240438,70.81,8797022.0
Europe,Bulgaria,1982,8224.191647,71.08,8892098.0
Europe,Bulgaria,1987,8239.854824,71.34,8971958.0
Europe,Bulgaria,1992,6302.623438,71.19,8658506.0
Europe,Bulgaria,1997,5970.38876,70.32,8066057.0
Europe,Bulgaria,2002,7696.777725,72.14,7661799.0
Europe,Bulgaria,2007,10680.79282,73.005,7322858.0
Europe,Croatia,1952,3119.23652,61.21,3882229.0
Europe,Croatia,1957,4338.231617,64.77,3991242.0
Europe,Croatia,1962,5477.890018,67.13,4076557.0
Europe,Croatia,1967,6960.297861,68.5,4174366.0
Europe,Croatia,1972,9164.090127,69.61,4225310.0
Europe,Croatia,1977,11305.38517,70.64,4318673.0
Europe,Croatia,1982,13221.82184,70.46,4413368.0
Europe,Croatia,1987,13822.58394,71.52,4484310.0
Europe,Croatia,1992,8447.794873,72.527,4494013.0
Europe,Croatia,1997,9875.604515,73.68,4444595.0
Europe,Croatia,2002,11628.38895,74.876,4481020.0
Europe,Croatia,2007,14619.22272,75.748,4493312.0
Europe,Czech Republic,1952,6876.14025,66.87,9125183.0
Europe,Czech Republic,1957,8256.343918,69.03,9513758.0
Europe,Czech Republic,1962,10136.86713,69.9,9620282.0
Europe,Czech Republic,1967,11399.44489,70.38,9835109.0
Europe,Czech Republic,1972,13108.4536,70.29,9862158.0
Europe,Czech Republic,1977,14800.16062,70.71,10161915.0
Europe,Czech Republic,1982,15377.22855,70.96,10303704.0
Europe,Czech Republic,1987,16310.4434,71.58,10311597.0
Europe,Czech Republic,1992,14297.02122,72.4,10315702.0
Europe,Czech Republic,1997,16048.51424,74.01,10300707.0
Europe,Czech Republic,2002,17596.21022,75.51,10256295.0
Europe,Czech Republic,2007,22833.30851,76.486,10228744.0
Europe,Denmark,1952,9692.385245,70.78,4334000.0
Europe,Denmark,1957,11099.65935,71.81,4487831.0
Europe,Denmark,1962,13583.31351,72.35,4646899.0
Europe,Denmark,1967,15937.21123,72.96,4838800.0
Europe,Denmark,1972,18866.20721,73.47,4991596.0
Europe,Denmark,1977,20422.9015,74.69,5088419.0
Europe,Denmark,1982,21688.04048,74.63,5117810.0
Europe,Denmark,1987,25116.17581,74.8,5127024.0
Europe,Denmark,1992,26406.73985,75.33,5171393.0
Europe,Denmark,1997,29804.34567,76.11,5283663.0
Europe,Denmark,2002,32166.50006,77.18,5374693.0
Europe,Denmark,2007,35278.41874,78.332,5468120.0
Europe,Finland,1952,6424.519071,66.55,4090500.0
Europe,Finland,1957,7545.415386,67.49,4324000.0
Europe,Finland,1962,9371.842561,68.75,4491443.0
Europe,Finland,1967,10921.63626,69.83,4605744.0
Europe,Finland,1972,14358.8759,70.87,4639657.0
Europe,Finland,1977,15605.42283,72.52,4738902.0
Europe,Finland,1982,18533.15761,74.55,4826933.0
Europe,Finland,1987,21141.01223,74.83,4931729.0
Europe,Finland,1992,20647.16499,75.7,5041039.0
Europe,Finland,1997,23723.9502,77.13,5134406.0
Europe,Finland,2002,28204.59057,78.37,5193039.0
Europe,Finland,2007,33207.0844,79.313,5238460.0
Europe,France,1952,7029.809327,67.41,42459667.0
Europe,France,1957,8662.834898,68.93,44310863.0
Europe,France,1962,10560.48553,70.51,47124000.0
Europe,France,1967,12999.91766,71.55,49569000.0
Europe,France,1972,16107.19171,72.38,51732000.0
Europe,France,1977,18292.63514,73.83,53165019.0
Europe,France,1982,20293.89746,74.89,54433565.0
Europe,France,1987,22066.44214,76.34,55630100.0
Europe,France,1992,24703.79615,77.46,57374179.0
Europe,France,1997,25889.78487,78.64,58623428.0
Europe,France,2002,28926.03234,79.59,59925035.0
Europe,France,2007,30470.0167,80.657,61083916.0
Europe,Germany,1952,7144.114393,67.5,69145952.0
Europe,Germany,1957,10187.82665,69.1,71019069.0
Europe,Germany,1962,12902.46291,70.3,73739117.0
Europe,Germany,1967,14745.62561,70.8,76368453.0
Europe,Germany,1972,18016.18027,71.0,78717088.0
Europe,Germany,1977,20512.92123,72.5,78160773.0
Europe,Germany,1982,22031.53274,73.8,78335266.0
Europe,Germany,1987,24639.18566,74.847,77718298.0
Europe,Germany,1992,26505.30317,76.07,80597764.0
Europe,Germany,1997,27788.88416,77.34,82011073.0
Europe,Germany,2002,30035.80198,78.67,82350671.0
Europe,Germany,2007,32170.37442,79.406,82400996.0
Europe,Greece,1952,3530.690067,65.86,7733250.0
Europe,Greece,1957,4916.299889,67.86,8096218.0
Europe,Greece,1962,6017.190733,69.51,8448233.0
Europe,Greece,1967,8513.097016,71.0,8716441.0
Europe,Greece,1972,12724.82957,72.34,8888628.0
Europe,Greece,1977,14195.52428,73.68,9308479.0
Europe,Greece,1982,15268.42089,75.24,9786480.0
Europe,Greece,1987,16120.52839,76.67,9974490.0
Europe,Greece,1992,17541.49634,77.03,10325429.0
Europe,Greece,1997,18747.69814,77.869,10502372.0
Europe,Greece,2002,22514.2548,78.256,10603863.0
Europe,Greece,2007,27538.41188,79.483,10706290.0
Europe,Hungary,1952,5263.673816,64.03,9504000.0
Europe,Hungary,1957,6040.180011,66.41,9839000.0
Europe,Hungary,1962,7550.359877,67.96,10063000.0
Europe,Hungary,1967,9326.64467,69.5,10223422.0
Europe,Hungary,1972,10168.65611,69.76,10394091.0
Europe,Hungary,1977,11674.83737,69.95,10637171.0
Europe,Hungary,1982,12545.99066,69.39,10705535.0
Europe,Hungary,1987,12986.47998,69.58,10612740.0
Europe,Hungary,1992,10535.62855,69.17,10348684.0
Europe,Hungary,1997,11712.7768,71.04,10244684.0
Europe,Hungary,2002,14843.93556,72.59,10083313.0
Europe,Hungary,2007,18008.94444,73.338,9956108.0
Europe,Iceland,1952,7267.688428,72.49,147962.0
Europe,Iceland,1957,9244.001412,73.47,165110.0
Europe,Iceland,1962,10350.15906,73.68,182053.0
Europe,Iceland,1967,13319.89568,73.73,198676.0
Europe,Iceland,1972,15798.06362,74.46,209275.0
Europe,Iceland,1977,19654.96247,76.11,221823.0
Europe,Iceland,1982,23269.6075,76.99,233997.0
Europe,Iceland,1987,26923.20628,77.23,244676.0
Europe,Iceland,1992,25144.39201,78.77,259012.0
Europe,Iceland,1997,28061.09966,78.95,271192.0
Europe,Iceland,2002,31163.20196,80.5,288030.0
Europe,Iceland,2007,36180.78919,81.757,301931.0
Europe,Ireland,1952,5210.280328,66.91,2952156.0
Europe,Ireland,1957,5599.077872,68.9,2878220.0
Europe,Ireland,1962,6631.597314,70.29,2830000.0
Europe,Ireland,1967,7655.568963,71.08,2900100.0
Europe,Ireland,1972,9530.772896,71.28,3024400.0
Europe,Ireland,1977,11150.98113,72.03,3271900.0
Europe,Ireland,1982,12618.32141,73.1,3480000.0
Europe,Ireland,1987,13872.86652,74.36,3539900.0
Europe,Ireland,1992,17558.81555,75.467,3557761.0
Europe,Ireland,1997,24521.94713,76.122,3667233.0
Europe,Ireland,2002,34077.04939,77.783,3879155.0
Europe,Ireland,2007,40675.99635,78.885,4109086.0
Europe,Italy,1952,4931.404155,65.94,47666000.0
Europe,Italy,1957,6248.656232,67.81,49182000.0
Europe,Italy,1962,8243.58234,69.24,50843200.0
Europe,Italy,1967,10022.40131,71.06,52667100.0
Europe,Italy,1972,12269.27378,72.19,54365564.0
Europe,Italy,1977,14255.98475,73.48,56059245.0
Europe,Italy,1982,16537.4835,74.98,56535636.0
Europe,Italy,1987,19207.23482,76.42,56729703.0
Europe,Italy,1992,22013.64486,77.44,56840847.0
Europe,Italy,1997,24675.02446,78.82,57479469.0
Europe,Italy,2002,27968.09817,80.24,57926999.0
Europe,Italy,2007,28569.7197,80.546,58147733.0
Europe,Montenegro,1952,2647.585601,59.164,413834.0
Europe,Montenegro,1957,3682.259903,61.448,442829.0
Europe,Montenegro,1962,4649.593785,63.728,474528.0
Europe,Montenegro,1967,5907.850937,67.178,501035.0
Europe,Montenegro,1972,7778.414017,70.636,527678.0
Europe,Montenegro,1977,9595.929905,73.066,560073.0
Europe,Montenegro,1982,11222.58762,74.101,562548.0
Europe,Montenegro,1987,11732.51017,74.865,569473.0
Europe,Montenegro,1992,7003.339037,75.435,621621.0
Europe,Montenegro,1997,6465.613349,75.445,692651.0
Europe,Montenegro,2002,6557.194282,73.981,720230.0
Europe,Montenegro,2007,9253.896111,74.543,684736.0
Europe,Netherlands,1952,8941.571858,72.13,10381988.0
Europe,Netherlands,1957,11276.19344,72.99,11026383.0
Europe,Netherlands,1962,12790.84956,73.23,11805689.0
Europe,Netherlands,1967,15363.25136,73.82,12596822.0
Europe,Netherlands,1972,18794.74567,73.75,13329874.0
Europe,Netherlands,1977,21209.0592,75.24,13852989.0
Europe,Netherlands,1982,21399.46046,76.05,14310401.0
Europe,Netherlands,1987,23651.32361,76.83,14665278.0
Europe,Netherlands,1992,26790.94961,77.42,15174244.0
Europe,Netherlands,1997,30246.13063,78.03,15604464.0
Europe,Netherlands,2002,33724.75778,78.53,16122830.0
Europe,Netherlands,2007,36797.93332,79.762,16570613.0
Europe,Norway,1952,10095.42172,72.67,3327728.0
Europe,Norway,1957,11653.97304,73.44,3491938.0
Europe,Norway,1962,13450.40151,73.47,3638919.0
Europe,Norway,1967,16361.87647,74.08,3786019.0
Europe,Norway,1972,18965.05551,74.34,3933004.0
Europe,Norway,1977,23311.34939,75.37,4043205.0
Europe,Norway,1982,26298.63531,75.97,4114787.0
Europe,Norway,1987,31540.9748,75.89,4186147.0
Europe,Norway,1992,33965.66115,77.32,4286357.0
Europe,Norway,1997,41283.16433,78.32,4405672.0
Europe,Norway,2002,44683.97525,79.05,4535591.0
Europe,Norway,2007,49357.19017,80.196,4627926.0
Europe,Poland,1952,4029.329699,61.31,25730551.0
Europe,Poland,1957,4734.253019,65.77,28235346.0
Europe,Poland,1962,5338.752143,67.64,30329617.0
Europe,Poland,1967,6557.152776,69.61,31785378.0
Europe,Poland,1972,8006.506993,70.85,33039545.0
Europe,Poland,1977,9508.141454,70.67,34621254.0
Europe,Poland,1982,8451.531004,71.32,36227381.0
Europe,Poland,1987,9082.351172,70.98,37740710.0
Europe,Poland,1992,7738.881247,70.99,38370697.0
Europe,Poland,1997,10159.58368,72.75,38654957.0
Europe,Poland,2002,12002.23908,74.67,38625976.0
Europe,Poland,2007,15389.92468,75.563,38518241.0
Europe,Portugal,1952,3068.319867,59.82,8526050.0
Europe,Portugal,1957,3774.571743,61.51,8817650.0
Europe,Portugal,1962,4727.954889,64.39,9019800.0
Europe,Portugal,1967,6361.517993,66.6,9103000.0
Europe,Portugal,1972,9022.247417,69.26,8970450.0
Europe,Portugal,1977,10172.48572,70.41,9662600.0
Europe,Portugal,1982,11753.84291,72.77,9859650.0
Europe,Portugal,1987,13039.30876,74.06,9915289.0
Europe,Portugal,1992,16207.26663,74.86,9927680.0
Europe,Portugal,1997,17641.03156,75.97,10156415.0
Europe,Portugal,2002,19970.90787,77.29,10433867.0
Europe,Portugal,2007,20509.64777,78.098,10642836.0
Europe,Romania,1952,3144.613186,61.05,16630000.0
Europe,Romania,1957,3943.370225,64.1,17829327.0
Europe,Romania,1962,4734.997586,66.8,18680721.0
Europe,Romania,1967,6470.866545,66.8,19284814.0
Europe,Romania,1972,8011.414402,69.21,20662648.0
Europe,Romania,1977,9356.39724,69.46,21658597.0
Europe,Romania,1982,9605.314053,69.66,22356726.0
Europe,Romania,1987,9696.273295,69.53,22686371.0
Europe,Romania,1992,6598.409903,69.36,22797027.0
Europe,Romania,1997,7346.547557,69.72,22562458.0
Europe,Romania,2002,7885.360081,71.322,22404337.0
Europe,Romania,2007,10808.47561,72.476,22276056.0
Europe,Serbia,1952,3581.459448,57.996,6860147.0
Europe,Serbia,1957,4981.090891,61.685,7271135.0
Europe,Serbia,1962,6289.629157,64.531,7616060.0
Europe,Serbia,1967,7991.707066,66.914,7971222.0
Europe,Serbia,1972,10522.06749,68.7,8313288.0
Europe,Serbia,1977,12980.66956,70.3,8686367.0
Europe,Serbia,1982,15181.0927,70.162,9032824.0
Europe,Serbia,1987,15870.87851,71.218,9230783.0
Europe,Serbia,1992,9325.068238,71.659,9826397.0
Europe,Serbia,1997,7914.320304,72.232,10336594.0
Europe,Serbia,2002,7236.075251,73.213,10111559.0
Europe,Serbia,2007,9786.534714,74.002,10150265.0
Europe,Slovak Republic,1952,5074.659104,64.36,3558137.0
Europe,Slovak Republic,1957,6093.26298,67.45,3844277.0
Europe,Slovak Republic,1962,7481.107598,70.33,4237384.0
Europe,Slovak Republic,1967,8412.902397,70.98,4442238.0
Europe,Slovak Republic,1972,9674.167626,70.35,4593433.0
Europe,Slovak Republic,1977,10922.66404,70.45,4827803.0
Europe,Slovak Republic,1982,11348.54585,70.8,5048043.0
Europe,Slovak Republic,1987,12037.26758,71.08,5199318.0
Europe,Slovak Republic,1992,9498.467723,71.38,5302888.0
Europe,Slovak Republic,1997,12126.23065,72.71,5383010.0
Europe,Slovak Republic,2002,13638.77837,73.8,5410052.0
Europe,Slovak Republic,2007,18678.31435,74.663,5447502.0
Europe,Slovenia,1952,4215.041741,65.57,1489518.0
Europe,Slovenia,1957,5862.276629,67.85,1533070.0
Europe,Slovenia,1962,7402.303395,69.15,1582962.0
Europe,Slovenia,1967,9405.489397,69.18,1646912.0
Europe,Slovenia,1972,12383.4862,69.82,1694510.0
Europe,Slovenia,1977,15277.03017,70.97,1746919.0
Europe,Slovenia,1982,17866.72175,71.063,1861252.0
Europe,Slovenia,1987,18678.53492,72.25,1945870.0
Europe,Slovenia,1992,14214.71681,73.64,1999210.0
Europe,Slovenia,1997,17161.10735,75.13,2011612.0
Europe,Slovenia,2002,20660.01936,76.66,2011497.0
Europe,Slovenia,2007,25768.25759,77.926,2009245.0
Europe,Spain,1952,3834.034742,64.94,28549870.0
Europe,Spain,1957,4564.80241,66.66,29841614.0
Europe,Spain,1962,5693.843879,69.69,31158061.0
Europe,Spain,1967,7993.512294,71.44,32850275.0
Europe,Spain,1972,10638.75131,73.06,34513161.0
Europe,Spain,1977,13236.92117,74.39,36439000.0
Europe,Spain,1982,13926.16997,76.3,37983310.0
Europe,Spain,1987,15764.98313,76.9,38880702.0
Europe,Spain,1992,18603.06452,77.57,39549438.0
Europe,Spain,1997,20445.29896,78.77,39855442.0
Europe,Spain,2002,24835.47166,79.78,40152517.0
Europe,Spain,2007,28821.0637,80.941,40448191.0
Europe,Sweden,1952,8527.844662,71.86,7124673.0
Europe,Sweden,1957,9911.878226,72.49,7363802.0
Europe,Sweden,1962,12329.44192,73.37,7561588.0
Europe,Sweden,1967,15258.29697,74.16,7867931.0
Europe,Sweden,1972,17832.02464,74.72,8122293.0
Europe,Sweden,1977,18855.72521,75.44,8251648.0
Europe,Sweden,1982,20667.38125,76.42,8325260.0
Europe,Sweden,1987,23586.92927,77.19,8421403.0
Europe,Sweden,1992,23880.01683,78.16,8718867.0
Europe,Sweden,1997,25266.59499,79.39,8897619.0
Europe,Sweden,2002,29341.63093,80.04,8954175.0
Europe,Sweden,2007,33859.74835,80.884,9031088.0
Europe,Switzerland,1952,14734.23275,69.62,4815000.0
Europe,Switzerland,1957,17909.48973,70.56,5126000.0
Europe,Switzerland,1962,20431.0927,71.32,5666000.0
Europe,Switzerland,1967,22966.14432,72.77,6063000.0
Europe,Switzerland,1972,27195.11304,73.78,6401400.0
Europe,Switzerland,1977,26982.29052,75.39,6316424.0
Europe,Switzerland,1982,28397.71512,76.21,6468126.0
Europe,Switzerland,1987,30281.70459,77.41,6649942.0
Europe,Switzerland,1992,31871.5303,78.03,6995447.0
Europe,Switzerland,1997,32135.32301,79.37,7193761.0
Europe,Switzerland,2002,34480.95771,80.62,7361757.0
Europe,Switzerland,2007,37506.41907,81.701,7554661.0
Europe,Turkey,1952,1969.10098,43.585,22235677.0
Europe,Turkey,1957,2218.754257,48.079,25670939.0
Europe,Turkey,1962,2322.869908,52.098,29788695.0
Europe,Turkey,1967,2826.356387,54.336,33411317.0
Europe,Turkey,1972,3450.69638,57.005,37492953.0
Europe,Turkey,1977,4269.122326,59.507,42404033.0
Europe,Turkey,1982,4241.356344,61.036,47328791.0
Europe,Turkey,1987,5089.043686,63.108,52881328.0
Europe,Turkey,1992,5678.348271,66.146,58179144.0
Europe,Turkey,1997,6601.429915,68.835,63047647.0
Europe,Turkey,2002,6508.085718,70.845,67308928.0
Europe,Turkey,2007,8458.276384,71.777,71158647.0
Europe,United Kingdom,1952,9979.508487,69.18,50430000.0
Europe,United Kingdom,1957,11283.17795,70.42,51430000.0
Europe,United Kingdom,1962,12477.17707,70.76,53292000.0
Europe,United Kingdom,1967,14142.85089,71.36,54959000.0
Europe,United Kingdom,1972,15895.11641,72.01,56079000.0
Europe,United Kingdom,1977,17428.74846,72.76,56179000.0
Europe,United Kingdom,1982,18232.42452,74.04,56339704.0
Europe,United Kingdom,1987,21664.78767,75.007,56981620.0
Europe,United Kingdom,1992,22705.09254,76.42,57866349.0
Europe,United Kingdom,1997,26074.53136,77.218,58808266.0
Europe,United Kingdom,2002,29478.99919,78.471,59912431.0
Europe,United Kingdom,2007,33203.26128,79.425,60776238.0
Oceania,Australia,1952,10039.59564,69.12,8691212.0
Oceania,Australia,1957,10949.64959,70.33,9712569.0
Oceania,Australia,1962,12217.22686,70.93,10794968.0
Oceania,Australia,1967,14526.12465,71.1,11872264.0
Oceania,Australia,1972,16788.62948,71.93,13177000.0
Oceania,Australia,1977,18334.19751,73.49,14074100.0
Oceania,Australia,1982,19477.00928,74.74,15184200.0
Oceania,Australia,1987,21888.88903,76.32,16257249.0
Oceania,Australia,1992,23424.76683,77.56,17481977.0
Oceania,Australia,1997,26997.93657,78.83,18565243.0
Oceania,Australia,2002,30687.75473,80.37,19546792.0
Oceania,Australia,2007,34435.36744,81.235,20434176.0
Oceania,New Zealand,1952,10556.57566,69.39,1994794.0
Oceania,New Zealand,1957,12247.39532,70.26,2229407.0
Oceania,New Zealand,1962,13175.678,71.24,2488550.0
Oceania,New Zealand,1967,14463.91893,71.52,2728150.0
Oceania,New Zealand,1972,16046.03728,71.89,2929100.0
Oceania,New Zealand,1977,16233.7177,72.22,3164900.0
Oceania,New Zealand,1982,17632.4104,73.84,3210650.0
Oceania,New Zealand,1987,19007.19129,74.32,3317166.0
Oceania,New Zealand,1992,18363.32494,76.33,3437674.0
Oceania,New Zealand,1997,21050.41377,77.55,3676187.0
Oceania,New Zealand,2002,23189.80135,79.11,3908037.0
Oceania,New Zealand,2007,25185.00911,80.204,4115771.0
